"city","country","roundabout_count"
"(unincorporated)","United States",259
"Auckland","New Zealand",202
"Carmel","United States",146
"Gothenburg","Sweden",117
"Calgary","Canada",101
"Lincoln","United States",89
"Miami","United States",88
"Portland","United States",82
"Colorado Springs","United States",79
"Seattle","United States",75
"Melbourne","Australia",73
"Christchurch","New Zealand",69
"Columbia","United States",69
"Tauranga","New Zealand",67
"Wellington","New Zealand",66
"Raleigh","United States",64
"Bend","United States",61
"Loveland","United States",60
"Hamilton","New Zealand",59
"El Paso","United States",57
"Frisco","United States",57
"Saint-Herblain","France",57
"Ottawa","Canada",56
"Cypress","United States",55
"Umea","Sweden",55
"Durham","United States",54
"Fort Worth","United States",54
"Kansas City","United States",54
"Winnipeg","Canada",49
"Charlotte","United States",48
"Norrköping","Sweden",47
"Uppsala","Sweden",47
"Almere","Netherlands",43
"Málaga","Spain",43
"Noblesville","United States",43
"Omaha","United States",43
"Fishers","United States",42
"Berkeley","United States",41
"Mount Pleasant","United States",41
"Columbus","United States",40
"Westfield","United States",40
"Brighton","United States",39
"Vasteras","Sweden",39
"Eskilstuna","Sweden",38
"Lethbridge","Canada",38
"Conway","United States",37
"Gainesville","United States",37
"Overland Park","United States",37
"Butler","Australia",36
"Jerez de la Frontera","Spain",36
"Warrnambool","Australia",36
"Kyiv","Ukraine",35
"Madison","United States",35
"Las Vegas","United States",34
"Linkoping","Sweden",34
"Orebro","Sweden",34
"Sarasota","United States",34
"Jacksonville","United States",33
"Lawrence","United States",33
"Naples","United States",33
"Dublin","United States",32
"Stockholm","Sweden",32
"The Villages","United States",32
"Washington","United States",32
"Bulle","Switzerland",31
"Elkhorn","United States",31
"Fayetteville","United States",31
"Jackson","United States",31
"McKinney","United States",31
"Oslo","Norway",31
"Austin","United States",30
"Avon","United States",30
"Kuching","Malaysia",30
"Orlando","United States",30
"Rochester","United States",30
"Kalmar","Sweden",29
"Los Barrios","Spain",29
"Assen","Netherlands",28
"Cambridge","Canada",28
"Irún","Spain",28
"Matjhabeng","South Africa",28
"Reno","United States",28
"Verdun","France",28
"Wake Forest","United States",28
"Franklin","United States",27
"Howard","United States",27
"Indianapolis","United States",27
"Skelmersdale","United Kingdom",27
"Sydney","Australia",27
"Tallahassee","United States",27
"Venlo","Netherlands",27
"Cary","United States",26
"Ladera Ranch","United States",26
"Palm Beach Gardens","United States",26
"Reykjavik","Iceland",26
"Scottsdale","United States",26
"Vaxjo","Sweden",26
"Wilmington","United States",26
"Windsor","United States",26
"Greenwood","United States",25
"Helsinki","Finland",25
"Lenexa","United States",25
"Perth","Australia",25
"Phoenix","United States",25
"Spokane","United States",25
"Chattanooga","United States",24
"Gavle","Sweden",24
"Greenville","United States",24
"Homestead","United States",24
"Irvine","United States",24
"Kennewick","United States",24
"Middletown","United States",24
"Nassau","The Bahamas",24
"Prato","Italy",24
"Sandvika","Norway",24
"Swindon","United Kingdom",24
"Arlington","United States",23
"Basingstoke","United Kingdom",23
"Billings","United States",23
"Boynton Beach","United States",23
"Cape Town","South Africa",23
"Colchester","United Kingdom",23
"Fort Collins","United States",23
"Helsingborg","Sweden",23
"Kitchener","Canada",23
"Mölndal","Sweden",23
"South Dublin","Ireland",23
"Södertälje","Sweden",23
"Woodbury","United States",23
"(unincorporated)","Canada",22
"Amersfoort","Netherlands",22
"Dublin","Ireland",22
"Frederick","United States",22
"Hendaye","France",22
"Henderson","United States",22
"Lakewood","United States",22
"Lillestrøm","Norway",22
"Newcastle upon Tyne","United Kingdom",22
"Nykoping","Sweden",22
"Quinns Rocks","Australia",22
"Santa Fe","United States",22
"Tampa","United States",22
"Trondheim","Norway",22
"Virginia Beach","United States",22
"Waterloo","Canada",22
"Bloomington","United States",21
"Doreen","Australia",21
"Fort Wayne","United States",21
"Lafayette","United States",21
"Malmo","Sweden",21
"Modesto","United States",21
"Oxford","United States",21
"Roseville","United States",21
"San Antonio","United States",21
"Springfield","United States",21
"Toledo","United States",21
"Topeka","United States",21
"Varberg","Sweden",21
"West Palm Beach","United States",21
"Alkimos","Australia",20
"Bozeman","United States",20
"Clearwater","United States",20
"Denver","United States",20
"Germantown","United States",20
"Heerlen","Netherlands",20
"Noumea","New Caledonia",20
"Olathe","United States",20
"Richmond","United States",20
"Rome","Italy",20
"Vastra Fralunda","Sweden",20
"Warsaw","Poland",20
"Watertown","United States",20
"Adeje","Spain",19
"Bergen","Norway",19
"Buffalo","United States",19
"Concord","United States",19
"Craigieburn","Australia",19
"De Pere","United States",19
"Houston","United States",19
"Lecco","Italy",19
"Lexington","United States",19
"Nijkerk","Netherlands",19
"Olympia","United States",19
"Wagga Wagga","Australia",19
"West Jordan","United States",19
"Wildwood","United States",19
"Winston-Salem","United States",19
"Albuquerque","United States",18
"Anchorage","United States",18
"Brisbane","Australia",18
"Covington","United States",18
"Federal Way","United States",18
"Knoxville","United States",18
"Kyle","United States",18
"Lacey","United States",18
"Littleton","United States",18
"Marysville","United States",18
"Neenah","United States",18
"Novokuznetsk","Russia",18
"Orange","Australia",18
"Ostersund","Sweden",18
"Sacramento","United States",18
"Thornton","United States",18
"Woodland","United States",18
"Adelaide","Australia",17
"Alpharetta","United States",17
"Canton","United States",17
"Castle Rock","United States",17
"Grand Junction","United States",17
"Guaynabo","United States",17
"Malta","United States",17
"Mankato","United States",17
"Midlothian","United States",17
"Milton Keynes","United Kingdom",17
"Nacka","Sweden",17
"Noosa Heads","Australia",17
"Port Macquarie","Australia",17
"Princeton","United States",17
"Tarneit","Australia",17
"Appleton","United States",16
"Conyers","United States",16
"Dunedin","New Zealand",16
"Farmington","United States",16
"Hisings Backa","Sweden",16
"Kissimmee","United States",16
"Kungens Kurva","Sweden",16
"Lelystad","Netherlands",16
"Liverpool","United Kingdom",16
"Mackay","Australia",16
"Monroe","United States",16
"Palm Coast","United States",16
"Pijnacker","Netherlands",16
"Richland","United States",16
"Saint Lucie West","United States",16
"Surrey","Canada",16
"Youngsville","United States",16
"Abbeville","France",15
"Canning Vale","Australia",15
"Cumming","United States",15
"Davis","United States",15
"Edmonton","Canada",15
"Gibraltar (Gibraltar)","Gibraltar",15
"Huntsville","United States",15
"Invercargill","New Zealand",15
"Jakobsberg","Sweden",15
"Kanata","Bolivia",15
"Leland","United States",15
"Lidingö","Sweden",15
"Ljubljana","Slovenia",15
"Milton","Canada",15
"Milwaukee","United States",15
"Novosibirsk","Russia",15
"Odessa","United States",15
"Oshkosh","United States",15
"Paisley","United Kingdom",15
"Partille","Sweden",15
"Plainfield","United States",15
"Provo","United States",15
"Queenstown","New Zealand",15
"Saskatoon","Canada",15
"South Shields","United Kingdom",15
"Sparks","United States",15
"Vero Beach","United States",15
"Whitchurch-Stouffville","Canada",15
"Wodonga","Australia",15
"Zwolle","Netherlands",15
"Ängelholm","Sweden",15
"Asker","Norway",14
"Atlanta","United States",14
"Ballard","United States",14
"Boulder","United States",14
"Brumunddal","Norway",14
"Bryan","United States",14
"Burlington","United States",14
"Cedar Falls","United States",14
"Cheyenne","United States",14
"Coffs Harbour","Australia",14
"Coralville","United States",14
"Edinburgh","United Kingdom",14
"Enköping","Sweden",14
"Gig Harbor","United States",14
"Gilroy","United States",14
"Hilliard","United States",14
"Kelowna","Canada",14
"Landskrona","Sweden",14
"Liberty Township","United States",14
"Little Rock","United States",14
"Marion","United States",14
"Mölnlycke","Sweden",14
"Park City","United States",14
"Putten","Netherlands",14
"Redmond","United States",14
"San Diego","United States",14
"San Francisco","United States",14
"San Sebastián","Spain",14
"St Augustine","United States",14
"Sunderland","United Kingdom",14
"Truckee","United States",14
"Upper Marlboro","United States",14
"Waco","United States",14
"Ajaccio","France",13
"Ann Arbor","United States",13
"Bellevue","United States",13
"Bowling Green","United States",13
"Coral Gables","United States",13
"Delta","Canada",13
"Denton","United States",13
"Dronten","Netherlands",13
"Espoo","Finland",13
"Fairbanks","United States",13
"Fingal","Ireland",13
"Gisborne","New Zealand",13
"Golden","United States",13
"Jerusalem","Israel",13
"Jindalee","Australia",13
"Kristianstad","Sweden",13
"Lewes","United States",13
"London","Canada",13
"Markham","Canada",13
"Marly","France",13
"Missoula","United States",13
"Newnan","United States",13
"North Lakes","Australia",13
"Palmerston North","New Zealand",13
"Pimpama","Australia",13
"Richfield","United States",13
"Rosmalen","Netherlands",13
"Salinas","United States",13
"Sammamish","United States",13
"South Bend","United States",13
"Strängnäs","Sweden",13
"Sunriver","United States",13
"Urbana","United States",13
"Vallentuna","Sweden",13
"Valparaiso","United States",13
"Veldhoven","Netherlands",13
"Victoria","Canada",13
"Visby","Sweden",13
"Whitehorse","Canada",13
"Wichita","United States",13
"Zionsville","United States",13
"Ashdod","Israel",12
"Athens","United States",12
"Ballina","Australia",12
"Beirut","Lebanon",12
"Bellingham","United States",12
"Bennington","United States",12
"Blenheim","New Zealand",12
"Bletchley","United Kingdom",12
"Bonita Springs","United States",12
"Brownsburg","United States",12
"Devonport","Australia",12
"Donvale","Australia",12
"Dubbo","Australia",12
"Ellenbrook","Australia",12
"Ellicott City","United States",12
"Etimesgut","Turkey",12
"Fargo","United States",12
"Flower Mound","United States",12
"Fulwood","United Kingdom",12
"Gaithersburg","United States",12
"Glenmore Park","Australia",12
"Goes","Netherlands",12
"Green Bay","United States",12
"Hagerstown","United States",12
"Jessheim","Norway",12
"Jupiter","United States",12
"La Línea","Spain",12
"Lakeville","United States",12
"Lamezia Terme","Italy",12
"Louisville","United States",12
"Meridian","United States",12
"Milnerton","South Africa",12
"Palma","Spain",12
"Papillion","United States",12
"Parker","United States",12
"Point Cook","Australia",12
"Redding","United States",12
"Roswell","United States",12
"Silverdale","New Zealand",12
"St George","United States",12
"Torslanda","Sweden",12
"Upper Coomera","Australia",12
"Vantaa","Finland",12
"Weert","Netherlands",12
"West Hoxton","Australia",12
"West Lafayette","United States",12
"Williamsburg","United States",12
"Aberdeen","United States",11
"Almendralejo","Spain",11
"Aurora","Canada",11
"Bathurst","Australia",11
"Boca Raton","United States",11
"Bodegraven","Netherlands",11
"Boise","United States",11
"Boston","United States",11
"Bromma","Sweden",11
"Cedar Park","United States",11
"Cheboksary","Russia",11
"Chertsey","United Kingdom",11
"Clarksburg","United States",11
"Clayton","United States",11
"Cleveland","Australia",11
"Cottage Grove","United States",11
"East Kilbride","United Kingdom",11
"Eltham","Australia",11
"Enskede","Sweden",11
"Estero","United States",11
"Fairview","United States",11
"Fitchburg","United States",11
"Flagami","United States",11
"Fort Myers","United States",11
"Fresno","United States",11
"Fullerton","United States",11
"Gatineau","Canada",11
"Gjøvik","Norway",11
"Goulburn","Australia",11
"Grand Rapids","United States",11
"Greenfield","United States",11
"Greensboro","United States",11
"Hamilton","Canada",11
"Haparanda","Sweden",11
"Hobart","United States",11
"Idaho Falls","United States",11
"Johnston","United States",11
"Katrineholm","Sweden",11
"Laurel","United States",11
"Leeds","United Kingdom",11
"Lees Summit","United States",11
"Long Beach","United States",11
"Marietta","United States",11
"Medford","United States",11
"Middleton","United States",11
"Milton","United States",11
"Mount Vernon","United States",11
"Nampa","United States",11
"Nantes","France",11
"New Albany","United States",11
"O'Fallon","United States",11
"Parkland","United States",11
"Peoria","United States",11
"Perrysburg","United States",11
"Pittsburgh","United States",11
"Richmond Hill","Canada",11
"Richmond Hill","United States",11
"Rio Rancho","United States",11
"San Marcos","United States",11
"Sartell","United States",11
"Sola","Norway",11
"St Johns","United States",11
"St. George","United States",11
"Stockton","United States",11
"Terrebonne","Canada",11
"Tromsø","Norway",11
"Troy","United States",11
"Täby","Sweden",11
"Vlaardingen","Netherlands",11
"Whangarei","New Zealand",11
"York","United Kingdom",11
"(unknown)","Russia",10
"Ankeny","United States",10
"Augusta","United States",10
"Aurora","United States",10
"Bakersfield","United States",10
"Baltimore","United States",10
"Bathgate","United Kingdom",10
"Bel Air","United States",10
"Bluffton","United States",10
"Bowen","Australia",10
"Budaörs","Hungary",10
"Castletown","United Kingdom",10
"Chaska","United States",10
"Citrus Ridge","United States",10
"College Park","United States",10
"Crawley","United Kingdom",10
"Dover","United States",10
"Dumfries","United Kingdom",10
"Galway","Ireland",10
"Georgetown","United States",10
"Greeley","United States",10
"Gustavsberg","Sweden",10
"Hamburg","United States",10
"Heritage Park","Australia",10
"Hialeah","United States",10
"Hillside","Australia",10
"Ingleburn","Australia",10
"Jefferson City","United States",10
"Kiruna","Sweden",10
"Las Vegas (Summerlin)","United States",10
"Lawrenceville","United States",10
"Lincoln","United Kingdom",10
"Los Angeles","United States",10
"Lynchburg","United States",10
"Midway","United States",10
"Morrisville","United States",10
"Napier","New Zealand",10
"Newark","United States",10
"Nottingham","United Kingdom",10
"Ogden","United States",10
"Owings Mills","United States",10
"Paris","France",10
"Pleasanton","United States",10
"Post Falls","United States",10
"Prescott","United States",10
"Quebec","Canada",10
"Raymond Terrace","Australia",10
"Ribeira Grande","Portugal",10
"Richmond","Australia",10
"Roanoke","United States",10
"Rotterdam","Netherlands",10
"Salem","United States",10
"San Luis Obispo","United States",10
"Santa Ana","United States",10
"Saratoga Springs","United States",10
"Scunthorpe","United Kingdom",10
"Sherbrooke","Canada",10
"Southlake","United States",10
"St. Petersburg","Russia",10
"Suffolk","United States",10
"Terre Haute","United States",10
"Trelleborg","Sweden",10
"Trnava","Slovakia",10
"Vancouver","United States",10
"Venice","Italy",10
"Vestby","Norway",10
"Wangaratta","Australia",10
"West Fargo","United States",10
"Weston","United States",10
"Winchester","United States",10
"Windsor","Canada",10
"Wollongong","Australia",10
"Ystad","Sweden",10
"Αμμόχωστος","Cyprus",10
"Albury","Australia",9
"Anderson","United States",9
"Apex","United States",9
"Arona","Spain",9
"Askim","Norway",9
"Asten","Netherlands",9
"Belton","United States",9
"Brasília","Brazil",9
"Budejovice","Czechia",9
"Bålsta","Sweden",9
"Caboolture","Australia",9
"Campi Bisenzio","Italy",9
"Charlottetown","Canada",9
"Chico","United States",9
"Chilliwack","Canada",9
"Clarksville","United States",9
"Coevorden","Netherlands",9
"Dawsonville","United States",9
"Delaware","United States",9
"Doncaster","United Kingdom",9
"Durango","United States",9
"Durham","United Kingdom",9
"Eagle","United States",9
"Eau Claire","United States",9
"Egham","United Kingdom",9
"Fredericksburg","United States",9
"Garbutt","Australia",9
"Goose Creek","United States",9
"Gorinchem","Netherlands",9
"Grand Island","United States",9
"Green","United States",9
"Hanover","United States",9
"Harderwijk","Netherlands",9
"Horsley","Australia",9
"Joplin","United States",9
"Kecskemét","Hungary",9
"Kongsberg","Norway",9
"La Quinta","United States",9
"Lake Stevens","United States",9
"Lebanon","United States",9
"Litchfield Park","United States",9
"Livingston","United Kingdom",9
"Longmont","United States",9
"Lubbock","United States",9
"Lucerne","Switzerland",9
"Lørenskog","Norway",9
"Marquette","United States",9
"Minto","Australia",9
"Myrtle Beach","United States",9
"Naaldwijk","Netherlands",9
"Newberg","United States",9
"Newcastle","Australia",9
"Nijmegen","Netherlands",9
"Nizhniy Novgorod","Russia",9
"Palermo","Italy",9
"Prior Lake","United States",9
"Queenscliff","Australia",9
"Rende","Italy",9
"Ripon","United States",9
"Rochester Hills","United States",9
"Rockledge","United States",9
"Roermond","Netherlands",9
"Rosebud","Australia",9
"Rostov","Russia",9
"Salisbury","United States",9
"San Roque","Spain",9
"Sarpsborg","Norway",9
"Savannah","United States",9
"Scaggsville","United States",9
"Seaford Rise","Australia",9
"Sedona","United States",9
"Sheboygan","United States",9
"Sherwood","United States",9
"Skien","Norway",9
"Slidell","United States",9
"South Jordan","United States",9
"Spånga","Sweden",9
"St Cloud","United States",9
"St John’s","Canada",9
"Stjørdal","Norway",9
"Stuart","United States",9
"Tampere","Finland",9
"Tuscaloosa","United States",9
"Tønsberg","Norway",9
"Valkenswaard","Netherlands",9
"Wesseling","Germany",9
"West Kelowna","Canada",9
"Whakatane","New Zealand",9
"Wigan","United Kingdom",9
"Winter Garden","United States",9
"Albany","United States",8
"Alexandria","United States",8
"Altoona","United States",8
"Amelia Island","United States",8
"Anacortes","United States",8
"Annemasse","France",8
"Arcata","United States",8
"Ashford","United Kingdom",8
"Ashington","United Kingdom",8
"Auburn","United States",8
"Banja Luka","Bosnia and Herzegovina",8
"Baton Rouge","United States",8
"Bayrakli","Turkey",8
"Bemidji","United States",8
"Benavídez","Argentina",8
"Berkel en Rodenrijs","Netherlands",8
"Billingham","United Kingdom",8
"Blaine","United States",8
"Bryansk","Russia",8
"Budapest","Hungary",8
"Busselton ","Australia",8
"Cameron Park","Australia",8
"Camp Verde","United States",8
"Carlisle","United Kingdom",8
"Carrboro","United States",8
"Cedar Rapids","United States",8
"Central Sefton","United Kingdom",8
"Chapel Hill","United States",8
"Chesapeake","United States",8
"Chesterfield","United States",8
"Chippewa Falls","United States",8
"Clovis","United States",8
"College Station","United States",8
"Commerce City","United States",8
"Cottonwood","United States",8
"Cranberry Township","United States",8
"Crown Point","United States",8
"Doral","United States",8
"Draper","United States",8
"Eagle Mountain","United States",8
"Elgin","United States",8
"Erie","United States",8
"Eslöv","Sweden",8
"Farragut","United States",8
"Florence","Italy",8
"Fond du Lac","United States",8
"Fort Mill","United States",8
"Fredericton","Canada",8
"Grays","United Kingdom",8
"Greenwich","United States",8
"Griffith","Australia",8
"Hadera","Israel",8
"Harrington Park","Australia",8
"Havering","United Kingdom",8
"Henley Beach","Australia",8
"Hillegom","Netherlands",8
"Hillsboro","United States",8
"Hobart","Australia",8
"Holmsund","Sweden",8
"Hudson","United States",8
"Independence","United States",8
"Interlaken","Switzerland",8
"Janesville","United States",8
"Johns Creek","United States",8
"Kalispell","United States",8
"Kalix","Sweden",8
"Kaukauna","United States",8
"Keszthely","Hungary",8
"Kirwan","Australia",8
"Kriens","Switzerland",8
"Kyzyl","Russia",8
"Lakeland","United States",8
"Lancaster","United States",8
"Lansing","United States",8
"Lavington","Australia",8
"Leander","United States",8
"Lund","Sweden",8
"Löddeköpinge","Sweden",8
"Maasbracht","Netherlands",8
"Marsden Park","Australia",8
"Marseille","France",8
"McDonough","United States",8
"Mechanicsburg","United States",8
"Menasha","United States",8
"Mobile","United States",8
"Montgomery","United States",8
"Mooresville","United States",8
"Mosfellsbær","Iceland",8
"Mount Maunganui","New Zealand",8
"Narangba","Australia",8
"New Smyrna Beach","United States",8
"Newport","United States",8
"Nordelta","Argentina",8
"Norfolk","United States",8
"Norwich","United Kingdom",8
"Nunspeet","Netherlands",8
"Odenton","United States",8
"Opole","Poland",8
"Orewa","New Zealand",8
"Ormeau","Australia",8
"Oxford","United Kingdom",8
"Pasadena","United States",8
"Pelican Waters","Australia",8
"Peregian Springs","Australia",8
"Perth Airport","Australia",8
"Pittsboro","United States",8
"Porto Torres","Italy",8
"Prince Frederick","United States",8
"Pskov","Russia",8
"Pula","Croatia",8
"Ranson","United States",8
"Redbank Plains","Australia",8
"Rice Lake","United States",8
"Ridgefield","United States",8
"Rishon LeZion","Israel",8
"Riverdale","United States",8
"Roads","United States",8
"Rockhampton City","Australia",8
"Rotorua","New Zealand",8
"Saguenay","Canada",8
"Samara","Russia",8
"Sanford","United States",8
"Seaham","United Kingdom",8
"Sevastopol","Ukraine",8
"Shah Alam","Malaysia",8
"Sheffield","United Kingdom",8
"Simferopol","Ukraine",8
"Ski","Norway",8
"Skogås","Sweden",8
"Smyrna","United States",8
"St Thomas","Canada",8
"Stockport","United Kingdom",8
"Stockton-on-Tees","United Kingdom",8
"Syracuse","United States",8
"Tamworth","Australia",8
"Tucson","United States",8
"Tureberg","Sweden",8
"Union","United States",8
"University Place","United States",8
"Utrecht","Netherlands",8
"Waddinxveen","Netherlands",8
"Wesley Chapel","United States",8
"West Des Moines","United States",8
"West Miami","United States",8
"Weybridge","United Kingdom",8
"Whitley Bay","United Kingdom",8
"Wilsonville","United States",8
"Zwijndrecht","Netherlands",8
"Ajax","Canada",7
"Albion Park","Australia",7
"Allauch","France",7
"Amherst","United States",7
"Antigonish","Canada",7
"Atlit","Israel",7
"Ayr","United Kingdom",7
"Banksia Grove","Australia",7
"Belgrade","Serbia",7
"Belize City","Belize",7
"Bergschenhoek","Netherlands",7
"Binyamin Industrial Area","Israel",7
"Bochum","Germany",7
"Bollmora","Sweden",7
"Bowmanville","Canada",7
"Brampton","Canada",7
"Braselton","United States",7
"Brunswick","United States",7
"Brühl","Germany",7
"Burguillos","Spain",7
"Burnaby","Canada",7
"Bühl","Germany",7
"Cagliari","Italy",7
"Camas","United States",7
"Campbelltown","Australia",7
"Caroline Springs","Australia",7
"Carson City","United States",7
"Charlottesville","United States",7
"Chorley","United Kingdom",7
"Clemmons","United States",7
"Clinton","United States",7
"Coeur d'Alene","United States",7
"Coomera","Australia",7
"Cramlington","United Kingdom",7
"Cudillero","Spain",7
"Dallas","United States",7
"Danderyd","Sweden",7
"Darlington","United Kingdom",7
"Deer Park","Australia",7
"Denham Springs","United States",7
"Duncan","Canada",7
"Elk Grove","United States",7
"Ferndale","United States",7
"Florence","United States",7
"Forest Lake","United States",7
"Fulshear","United States",7
"Garner","United States",7
"Glen Alpine","Australia",7
"Grafton","Australia",7
"Grand Chute","United States",7
"Greenbelt","United States",7
"Greenwood Village","United States",7
"Grove City","United States",7
"Guelph","Canada",7
"Handen","Sweden",7
"Hastings","United States",7
"Hillarys","Australia",7
"Hollymead","United States",7
"Hondarribia","Spain",7
"Huntington","United Kingdom",7
"Huntingtown","United States",7
"Häggvik","Sweden",7
"Iowa City","United States",7
"Joensuu","Finland",7
"Karlstad","Sweden",7
"Kearney","United States",7
"Kennesaw","United States",7
"Konterra","United States",7
"Kållered","Sweden",7
"Landvetter","Sweden",7
"Langley Township","Canada",7
"Larnaca","Cyprus",7
"Leesburg","United States",7
"Lei Ke Ya Nei Zhen","Iceland",7
"Liberty","United States",7
"Limerick","Ireland",7
"Lindome","Sweden",7
"Littlebrook","United Kingdom",7
"Logan","United States",7
"Lynden","United States",7
"Lynnwood","United States",7
"Maassluis","Netherlands",7
"Maple Grove","United States",7
"Martinsville","United States",7
"Menashe Regional Council","Israel",7
"Meyrin","Switzerland",7
"Michalovce","Slovakia",7
"Minneapolis","United States",7
"Missouri City","United States",7
"Mont-Tremblant","Canada",7
"Monticello","United States",7
"Morwell","Australia",7
"Mount Gambier","Australia",7
"Mountain Creek","Australia",7
"Murfreesboro","United States",7
"Naxxar (Malta)","Malta",7
"Newport News","United States",7
"North Salt Lake","United States",7
"Olney","United States",7
"Opelika","United States",7
"Oran Park","Australia",7
"Orenburg","Russia",7
"Oshawa","Canada",7
"Otsego","United States",7
"Papendrecht","Netherlands",7
"Penzance","United Kingdom",7
"Petrozavodsk","Russia",7
"Pine Gardens South","United States",7
"Potomac","United States",7
"Pyes Pa","New Zealand",7
"Riverview","United States",7
"Rockford","United States",7
"Saint Cloud","United States",7
"San Salvador","El Salvador",7
"Sandviken","Sweden",7
"Sandy Springs","United States",7
"Santa Maria","United States",7
"Sauk Rapids","United States",7
"Secret Harbour","Australia",7
"Segeltorp","Sweden",7
"Shakopee","United States",7
"Shawnee","United States",7
"Slagelse","Denmark",7
"Sliedrecht","Netherlands",7
"Stavanger","Norway",7
"Sun Prairie","United States",7
"Suva","Fiji",7
"The Ponds","Australia",7
"Tilty","United Kingdom",7
"Truganina","Australia",7
"Tumwater","United States",7
"Ulladulla","Australia",7
"Vancouver","Canada",7
"Velikiy Novgorod","Russia",7
"Vicente López","Argentina",7
"Vladivostok","Russia",7
"Voronezh","Russia",7
"Waconia","United States",7
"Warrensburg","United States",7
"Warrenton","United States",7
"Warwick","United Kingdom",7
"Wellington","United States",7
"Wellington Point","Australia",7
"West Chester Township","United States",7
"West Wodonga","Australia",7
"Westminster","United States",7
"Whitestown","United States",7
"Witham","United Kingdom",7
"Woodbridge","United States",7
"Yuma","United States",7
"Zichron Yaacov","Israel",7
"Ålesund","Norway",7
"Abingdon","United States",6
"Addlestone","United Kingdom",6
"Afonsoeiro","Portugal",6
"Airdrie","Canada",6
"Aldie","United States",6
"Annapolis","United States",6
"Arvada","United States",6
"Asheville","United States",6
"Avesta","Sweden",6
"Ayr","Australia",6
"Bad Aibling","Germany",6
"Baldivis","Australia",6
"Belmont","United States",6
"Bismarck","United States",6
"Blacksburg","United States",6
"Bluewater","United Kingdom",6
"Bootle","United Kingdom",6
"Bradenton","United States",6
"Brighton","Australia",6
"Brno","Czechia",6
"Bro","Sweden",6
"Brookfield","Australia",6
"Broome","Australia",6
"Buca","Turkey",6
"Buford","United States",6
"Cambridge","New Zealand",6
"Cambridge","United States",6
"Canberra","Australia",6
"Cape Coral","United States",6
"Cape Girardeau","United States",6
"Castle Hill","Australia",6
"Catonsville","United States",6
"Ceres","United States",6
"Champlin","United States",6
"Chrzanów","Poland",6
"Chula Vista","United States",6
"Clinton Township","United States",6
"Colleyville","United States",6
"Crestmead","Australia",6
"Dalkeith","United Kingdom",6
"Devínska Nová Ves","Slovakia",6
"Dothan","United States",6
"Druten","Netherlands",6
"Dublin City","Ireland",6
"El Alto","Bolivia",6
"Elista","Russia",6
"Eltham North","Australia",6
"Evans","United States",6
"Flagstaff","United States",6
"Fort Pierce","United States",6
"Franklin","Australia",6
"Fruit Cove","United States",6
"Färjestaden","Sweden",6
"Garland","United States",6
"Gateshead","United Kingdom",6
"Geldermalsen","Netherlands",6
"Glenorchy","Australia",6
"Guatemala City","Guatemala",6
"Hammond","United States",6
"Hastings","New Zealand",6
"Helena","United States",6
"Helensvale","Australia",6
"Holmestrand","Norway",6
"Holstebro","Denmark",6
"Huntington","United States",6
"Hutchinson","United States",6
"Hyvinkää","Finland",6
"Härnösand","Sweden",6
"Hässleholm","Sweden",6
"Hésingue","France",6
"Höllviken","Sweden",6
"Inverness","United Kingdom",6
"Issaquah","United States",6
"Izhevsk","Russia",6
"Kalamazoo","United States",6
"Kamloops","Canada",6
"Kazan","Russia",6
"Kent","United States",6
"Kingston","Australia",6
"Kolding","Denmark",6
"Koszalin","Poland",6
"Langley","Canada",6
"Leatherhead","United Kingdom",6
"Lehi","United States",6
"Lierbyen","Norway",6
"Lille","France",6
"Linganore","United States",6
"Lithia","United States",6
"Macquarie Fields","Australia",6
"Madera","United States",6
"Makhachkala","Russia",6
"Manchester","United States",6
"Manhattan","United States",6
"Maplewood","United States",6
"Marshfield","United States",6
"Marvin","United States",6
"Masterton","New Zealand",6
"Mechanicsville","United States",6
"Mesa","United States",6
"Middelfart","Denmark",6
"Miraflores","Peru",6
"Mount Duneed","Australia",6
"Muncie","United States",6
"Nagykanizsa","Hungary",6
"Naples","Italy",6
"Nashville","United States",6
"Nelson","New Zealand",6
"New Haven","United States",6
"New Orleans","United States",6
"Newcastle","United Kingdom",6
"Newton","United States",6
"Noosaville","Australia",6
"Norman","United States",6
"Norrtälje","Sweden",6
"Norsborg","Sweden",6
"North Cowichan","Canada",6
"North Sefton","United Kingdom",6
"North Shields","United Kingdom",6
"Northville","United States",6
"Oak Flats","Australia",6
"Odense","Denmark",6
"Oklahoma City","United States",6
"Omokoroa","New Zealand",6
"Or Akiva","Israel",6
"Orem","United States",6
"Pasco","United States",6
"Petaluma","United States",6
"Pflugerville","United States",6
"Plain City","United States",6
"Ponte Vedra Beach","United States",6
"Pooler","United States",6
"Pori","Finland",6
"Port Lincoln","Australia",6
"Port St Lucie","United States",6
"Port St. Lucie","United States",6
"Port Wentworth","United States",6
"Prague","Czechia",6
"Prokopyevsk","Russia",6
"Red Deer","Canada",6
"Redland Bay","Australia",6
"Richmond","New Zealand",6
"Rincón de Milberg","Argentina",6
"Risley","United Kingdom",6
"River Falls","United States",6
"Riverbank","United States",6
"Riverhead","United States",6
"Riviera","United States",6
"Rolla","United States",6
"Saint Charles","United States",6
"Saint James","Jamaica",6
"Saint-Louis-lès-Bitche","France",6
"San Juan Capistrano","United States",6
"Sandnes","Norway",6
"Saransk","Russia",6
"Seaford Meadows","Australia",6
"Sebring","United States",6
"Seinäjoki","Finland",6
"Shannon","Ireland",6
"Slingerlands","United States",6
"Snellville","United States",6
"Sochi","Russia",6
"South Albury","Australia",6
"South Hedland","Australia",6
"South Miami","United States",6
"South Padre Island","United States",6
"Spring Hill","United States",6
"Spruce Grove","Canada",6
"St Albert","Canada",6
"St Paul","United States",6
"Stanford","United States",6
"Sugar Land","United States",6
"Superior","United States",6
"São Sebastião","Portugal",6
"Sør-Odal","Norway",6
"Tacoma","United States",6
"Tavares","United States",6
"Thief River Falls","United States",6
"Thurgoona","Australia",6
"Tomsk","Russia",6
"Toronto","Canada",6
"Traralgon","Australia",6
"Tripoli","Lebanon",6
"Ussuriysk","Russia",6
"Utica","United States",6
"Vail","United States",6
"Valdosta","United States",6
"Vienna","Austria",6
"Wangara","Australia",6
"Warwick","United States",6
"Washougal","United States",6
"Waxhaw","United States",6
"Welkom","South Africa",6
"Wenatchee","United States",6
"West Thurrock","United Kingdom",6
"Widnes","United Kingdom",6
"Williston","United States",6
"Winona","United States",6
"Woippy","France",6
"Woodinville","United States",6
"Woodstock","United States",6
"Yakima","United States",6
"Yanchep","Australia",6
"Ypsilanti","United States",6
"Ås","Norway",6
"Abakan","Russia",5
"Abbotsford","Canada",5
"Acworth","United States",5
"Addis Ababa","Ethiopia",5
"Akron","United States",5
"Alexandra Hills","Australia",5
"Aliso Viejo","United States",5
"Allen","United States",5
"Altona","Australia",5
"Amarillo","United States",5
"American Fork","United States",5
"Amsterdam","Netherlands",5
"Appleton","United Kingdom",5
"Arendal","Norway",5
"Armadale","Australia",5
"Arninge","Sweden",5
"Ashland","United States",5
"Ballenger Creek","United States",5
"Ballymena","United Kingdom",5
"Bangor","United Kingdom",5
"Banksia Beach","Australia",5
"Bardmoor","United States",5
"Bargersville","United States",5
"Barnaul","Russia",5
"Basel","Switzerland",5
"Bedford","United States",5
"Bel Air South","United States",5
"Bendigo","Australia",5
"Benton","United States",5
"Berkeley","Australia",5
"Berthoud","United States",5
"Birobidzhan","Russia",5
"Bli Bli","Australia",5
"Blue Ash","United States",5
"Brambleton","United States",5
"Brentwood","United States",5
"Bridgeville","United States",5
"Bridgewater","Australia",5
"Brisbane Airport","Australia",5
"Broadfield North","United Kingdom",5
"Broomfield","United States",5
"Buderim","Australia",5
"Bundaberg Central","Australia",5
"Burleson","United States",5
"Burpengary","Australia",5
"Byfleet","United Kingdom",5
"Callao","Peru",5
"Cannock","United Kingdom",5
"Carei","Romania",5
"Carlisle","Australia",5
"Cartersville","United States",5
"Carthage","United States",5
"Castle Pines","United States",5
"Cecil Hills","Australia",5
"Central Coast","Australia",5
"Cherrybrook","Australia",5
"Chester","United States",5
"Cranbourne East","Australia",5
"Crayford","United Kingdom",5
"Cumberland","United States",5
"Czechowice-Dziedzice","Poland",5
"Dacula","United States",5
"Dartford","United Kingdom",5
"Darwin","Australia",5
"Davidson","United States",5
"Davyhulme East","United Kingdom",5
"Debrecen","Hungary",5
"Deer Park","United States",5
"Deerfield Beach","United States",5
"Deeside Industrial Park","United Kingdom",5
"Delft","Netherlands",5
"Douglas","Isle of Man",5
"Drammen","Norway",5
"Dublin (Ireland)","Ireland",5
"Dudley","United Kingdom",5
"Duluth","United States",5
"Dunlop","Australia",5
"Eagan","United States",5
"East Wenatchee","United States",5
"Edwards","United States",5
"Eersel","Netherlands",5
"Erskine","United Kingdom",5
"Esbjerg","Denmark",5
"Fairfield","United States",5
"Ferntree Gully","Australia",5
"Flamingo Park","United States",5
"Flinders","Australia",5
"Forest Lake","Australia",5
"Forster","Australia",5
"Frankfurt","Germany",5
"Frouard","France",5
"Fuente de Cantos","Spain",5
"Fulton","United States",5
"Gaillard","France",5
"Gilmore","United States",5
"Glen Innes","Australia",5
"Glenwood Springs","United States",5
"Gliwice","Poland",5
"Gorham","United States",5
"Grandview","United States",5
"Granger","United States",5
"Granville","Australia",5
"Halden","Norway",5
"Hamilton","Australia",5
"Hardeeville","United States",5
"Hays","United States",5
"Helenelund","Sweden",5
"Hendersonville","United States",5
"Highland","United States",5
"Hilton Head Island","United States",5
"Hobe Sound","United States",5
"Hodonín","Czechia",5
"Holly Springs","United States",5
"Horningsea Park","Australia",5
"Hägersten","Sweden",5
"Höör","Sweden",5
"Imatra","Finland",5
"Immokalee","United States",5
"Jensen Beach","United States",5
"Jessup","United States",5
"Johnstown","United States",5
"Juneau","United States",5
"Järva","Sweden",5
"Katy","United States",5
"Keene","United States",5
"Keller","United States",5
"Kemi","Finland",5
"Kernersville","United States",5
"Kew","Australia",5
"Kiama","Australia",5
"Kilkenny","Ireland",5
"Kincumber","Australia",5
"Knightdale","United States",5
"Konak","Turkey",5
"Krasnoyarsk","Russia",5
"Kävlinge","Sweden",5
"Labin","Croatia",5
"Lakewood Ranch","United States",5
"Lee's Summit","United States",5
"Lewisville","United States",5
"Lochbuie","United States",5
"London","United Kingdom",5
"Lutz","United States",5
"Luxembourg","Luxembourg",5
"Mango Hill","Australia",5
"Manteca","United States",5
"Marsden","Australia",5
"Mason","United States",5
"Mawson Lakes","Australia",5
"McAllen","United States",5
"Mediterra","United States",5
"Melton West","Australia",5
"Merced","United States",5
"Metz","France",5
"Mile End","United Kingdom",5
"Millsboro","United States",5
"Montreal","Canada",5
"Morogoro","Tanzania",5
"Moruya","Australia",5
"Moses Lake","United States",5
"Moss","Norway",5
"Mount Horeb","United States",5
"Naas","Ireland",5
"Nakhodka","Russia",5
"Nesoddtangen","Norway",5
"New Bern","United States",5
"New Port Richey","United States",5
"New Ulm","United States",5
"Nitra","Slovakia",5
"Nocatee","United States",5
"Nootdorp","Netherlands",5
"North Bend","United States",5
"North Charleston","United States",5
"North Liberty","United States",5
"North Saanich","Canada",5
"Northfield Township","United States",5
"Nowy Dwór Mazowiecki","Poland",5
"Oakton","United States",5
"Olean","United States",5
"Onalaska","United States",5
"Oregon","United States",5
"Oświęcim","Poland",5
"Pacific Pines","Australia",5
"Palm Desert","United States",5
"Papamoa","New Zealand",5
"Parque das Nações","Portugal",5
"Parrearra","Australia",5
"Payson","United States",5
"Perm","Russia",5
"Pleasant Prairie","United States",5
"Port Orchard","United States",5
"Portsmouth","United States",5
"Pueblo","United States",5
"Raisio","Finland",5
"Red Deer County","Canada",5
"Regina","Canada",5
"Rehoboth Beach","United States",5
"Reuver","Netherlands",5
"Roberts","United States",5
"Robina","Australia",5
"Rochdale","United Kingdom",5
"Rocklin","United States",5
"Rotebro","Sweden",5
"Rotnes","Norway",5
"Roxburgh Park","Australia",5
"Runcorn","United Kingdom",5
"Rutherford","Australia",5
"Saida Dekerman","Lebanon",5
"Saint Paul's Bay (Malta)","Malta",5
"Sala","Sweden",5
"Sale","Australia",5
"Salzburg","Austria",5
"San Mateo Park","United States",5
"San Miguel de Abona","Spain",5
"Santa Barbara","United States",5
"Santiago do Cacém","Portugal",5
"Schoonhoven","Netherlands",5
"Sedro-Woolley","United States",5
"Selbyville","United States",5
"Shasta Hanchett Park","United States",5
"Silkeborg","Denmark",5
"Singapore (Singapore)","Singapore",5
"Sioux Falls","United States",5
"Somerville","United States",5
"Sour","Lebanon",5
"South Mackay","Australia",5
"South Penrith","Australia",5
"Southend-on-Sea","United Kingdom",5
"Southfield","United States",5
"Spanish Fork","United States",5
"Spokane Valley","United States",5
"Spring Lake","United States",5
"Springdale","United States",5
"St John","United States",5
"Stirling","Australia",5
"Stockbridge","United States",5
"Stratford-upon-Avon","United Kingdom",5
"Success","Australia",5
"Summerville","United States",5
"Summit","United States",5
"Sunbury","Australia",5
"Svedala","Sweden",5
"Swifterbant","Netherlands",5
"Szigetszentmiklós","Hungary",5
"Szombathely","Hungary",5
"Sävedalen","Sweden",5
"Sønderborg","Denmark",5
"Tawa Flat","New Zealand",5
"Te Puke","New Zealand",5
"Thompsons Station","United States",5
"Thornton","Australia",5
"Tigre","Argentina",5
"Townsend","United States",5
"Townsville","Australia",5
"Traverse City","United States",5
"Trois-Rivières","Canada",5
"Tulsa","United States",5
"Tychy","Poland",5
"Täby Kyrkby","Sweden",5
"Umina Beach","Australia",5
"Union Park","United States",5
"Urbandale","United States",5
"Valbo","Sweden",5
"Valdés","Spain",5
"Valmadrera","Italy",5
"Vernon","Canada",5
"Vestnes","Norway",5
"Villafranca de los Barros","Spain",5
"Virginia Footills","United States",5
"Visalia","United States",5
"Walla Walla","United States",5
"Wanganui","New Zealand",5
"Wantirna South","Australia",5
"Warrington","United Kingdom",5
"Warsaw","United States",5
"Warwick","Australia",5
"Watford City","United States",5
"Wattle Grove","Australia",5
"Werribee","Australia",5
"West Bend","United States",5
"Whitianga","New Zealand",5
"Windermere","United States",5
"Wonthaggi","Australia",5
"Wood Buffalo","Canada",5
"Woolgoolga","Australia",5
"Worcester","United States",5
"Woy Woy","Australia",5
"Wyong","Australia",5
"Yamba","Australia",5
"Yeppoon","Australia",5
"Yoshkar-Ola","Russia",5
"Zug","Switzerland",5
"Ödåkra-Väla","Sweden",5
"Aabenraa","Denmark",4
"Aberdeen","United Kingdom",4
"Adazi","Latvia",4
"Aiken","United States",4
"Aiken's Tavern Historic District","United States",4
"Albany","New Zealand",4
"Albemarle","United States",4
"Alcochete","Portugal",4
"Algueirão–Mem Martins","Portugal",4
"Alice Springs","Australia",4
"Anaheim","United States",4
"Angarsk","Russia",4
"Annandale","Australia",4
"Anoka","United States",4
"Apple Valley","United States",4
"Atwell","Australia",4
"Avelin","France",4
"Azusa","United States",4
"Balga","Australia",4
"Ballajura","Australia",4
"Baraboo","United States",4
"Bartoszyce","Poland",4
"Bavel","Netherlands",4
"Baxter","United States",4
"Bear","United States",4
"Beaumont Hills","Australia",4
"Bedford","Canada",4
"Beenleigh","Australia",4
"Belgrade","United States",4
"Bellalago","United States",4
"Beloit","United States",4
"Bentonville","United States",4
"Bergambacht","Netherlands",4
"Berry","Australia",4
"Bialystok","Poland",4
"Birkenhead","United Kingdom",4
"Bjärred","Sweden",4
"Blackburn","United Kingdom",4
"Blacktown","Australia",4
"Bluffdale","United States",4
"Blyth","United Kingdom",4
"Bodø","Norway",4
"Bongaree","Australia",4
"Bonville","Australia",4
"Boondall","Australia",4
"Boonsboro","United States",4
"Botoşani","Romania",4
"Bradbury","Australia",4
"Brainerd","United States",4
"Brandon","Canada",4
"Bridge of Don","United Kingdom",4
"Bristol","United Kingdom",4
"Broadfield South","United Kingdom",4
"Bucharest","Romania",4
"Buck Lake","United States",4
"Budakalász","Hungary",4
"Bundamba","Australia",4
"Burnsville","United States",4
"Bury","United Kingdom",4
"Byker","United Kingdom",4
"California","United States",4
"Calverton","United States",4
"Cambridge","Australia",4
"Camden","United States",4
"Campsie","Australia",4
"Cannon Falls","United States",4
"Carindale","Australia",4
"Carrum Downs","Australia",4
"Caseyville","United States",4
"Castlemaine","Australia",4
"Cayey","United States",4
"Celje","Slovenia",4
"Centreville","United States",4
"Chambly","Canada",4
"Champaign","United States",4
"Charles Town","United States",4
"Chatham","United States",4
"Chelyabinsk","Russia",4
"Chino Valley","United States",4
"Chita","Russia",4
"Chubbuck","United States",4
"Clackamas","United States",4
"Claremont Meadows","Australia",4
"Clarkson","Australia",4
"Clermont","United States",4
"Cobham","United Kingdom",4
"Colebee","Australia",4
"Colonial Place-Riverview","United States",4
"Colonie","United States",4
"Concepción","Chile",4
"Connerton","United States",4
"Cooma","Australia",4
"Coquelles","France",4
"Cornwall","Canada",4
"Cosenza","Italy",4
"Cracow","Poland",4
"Crossways","United Kingdom",4
"Crown Hill","United States",4
"Custines","France",4
"Cutler Bay","United States",4
"Danville","United States",4
"Davidsonville Historic District","United States",4
"Davie","United States",4
"Dayton","United States",4
"Derrimut","Australia",4
"Detroit Lakes","United States",4
"Doonside","Australia",4
"Dundalk","Ireland",4
"Dupont","United States",4
"Dushanbe","Tajikistan",4
"East Maitland","Australia",4
"Eatons Hill","Australia",4
"Eidsvoll","Norway",4
"Eisenstadt","Austria",4
"Elizabeth South","Australia",4
"Elk River","United States",4
"Encinitas","United States",4
"Engadine","Australia",4
"Eno","United States",4
"Esperance","Australia",4
"Everett","United States",4
"Eynesbury","Australia",4
"Falmouth","United Kingdom",4
"Figtree","Australia",4
"Fillmore","United States",4
"Flen","Sweden",4
"Fredericia","Denmark",4
"Fréthun","France",4
"Gandhinagar","India",4
"Gatton","Australia",4
"Gaziemir","Turkey",4
"Geelong","Australia",4
"Gieten","Netherlands",4
"Gilberts Corner","United States",4
"Gladstone Central","Australia",4
"Glenarden","United States",4
"Glenelg","United States",4
"Glenella","Australia",4
"Gloucester","United States",4
"Gloucester Township","United States",4
"Godim","Portugal",4
"Godley Station","United States",4
"Goldsboro","United States",4
"Grand Blanc","United States",4
"Granite Falls","United States",4
"Greater Sudbury","Canada",4
"Greenwith","Australia",4
"Gregory Hills","Australia",4
"Gribbylund","Sweden",4
"Grimsby","United Kingdom",4
"Grovedale","Australia",4
"Grudziądz","Poland",4
"Guildford","Australia",4
"Gulf Breeze","United States",4
"Gungahlin","Australia",4
"Gwynneville","Australia",4
"Gällivare","Sweden",4
"Halifax","Canada",4
"Halls Head","Australia",4
"Hallstahammar","Sweden",4
"Hamilton","Bermuda",4
"Hamina","Finland",4
"Hampstead","United States",4
"Harrisburg","United States",4
"Harrison","United States",4
"Harvest Park","United States",4
"Havre de Grace","United States",4
"Haymarket","United States",4
"Hedemora","Sweden",4
"Hemmesta","Sweden",4
"Herten","Netherlands",4
"Hollywood Lakes","United States",4
"Hooglanderveen","Netherlands",4
"Horsham","Australia",4
"Huntington Beach","United States",4
"Hønefoss","Norway",4
"Hørsholm","Denmark",4
"Idar-Oberstein","Germany",4
"Indian Trail","United States",4
"Innisfail","Australia",4
"Ipswich","Australia",4
"Irkutsk","Russia",4
"Irondequoit","United States",4
"Isles at Palm Beach Gardens","United States",4
"Jamaica Plain","United States",4
"Jandakot","Australia",4
"Jeffersonville","United States",4
"Jelgava (Latvia)","Latvia",4
"Joint Base Lewis-McChord","United States",4
"Kailua","United States",4
"Kall","Germany",4
"Kannapolis","United States",4
"Karabaglar","Turkey",4
"Katherine","Australia",4
"Keiraville","Australia",4
"Kennedale","United States",4
"Keysborough","Australia",4
"Kings Point","United States",4
"Kingsnorth","United Kingdom",4
"Kingston","Canada",4
"Kloten","Switzerland",4
"Komsomolsk","Russia",4
"Kołobrzeg","Poland",4
"Kristiine","Estonia",4
"Kungsängen","Sweden",4
"Kurgan","Russia",4
"La Crosse","United States",4
"La Ricamarie","France",4
"La Rinconada","Spain",4
"Laholm","Sweden",4
"Laie","United States",4
"Lake Butler","United States",4
"Lake Charles","United States",4
"Lake Hayes","New Zealand",4
"Lake Worth","United States",4
"Langford","Canada",4
"Lappeenranta","Finland",4
"Lara","Australia",4
"Larbert","United Kingdom",4
"Lasswade","United Kingdom",4
"Layton","United States",4
"Lima","United States",4
"Linda-a-Velha","Portugal",4
"Lismore","Australia",4
"Lisse","Netherlands",4
"Lohja","Finland",4
"London Heathrow Airport","United Kingdom",4
"Londonderry","United States",4
"Longford","Ireland",4
"Longueuil","Canada",4
"Loomis","United States",4
"Los Cristianos","Spain",4
"Lvyuan District","China",4
"Lèves","France",4
"Maasdijk","Netherlands",4
"Macon","United States",4
"Maineville","United States",4
"Malgrate","Italy",4
"Mansfield","United States",4
"Maple Ash","United States",4
"Maple Ridge","Canada",4
"Maple Valley","United States",4
"Marana","United States",4
"Margaret River","Australia",4
"Margate","Australia",4
"Markaryd","Sweden",4
"Maryland","Australia",4
"Matthews","United States",4
"Meadows Place","United States",4
"Medvode","Slovenia",4
"Mellieha (Malta)","Malta",4
"Melton","Australia",4
"Meppen","Germany",4
"Mermaid Waters","Australia",4
"Mesquite","United States",4
"Meylan","France",4
"Miami Springs","United States",4
"Middleton","United Kingdom",4
"Mildura","Australia",4
"Millville","United States",4
"Milnrow","United Kingdom",4
"Minworth","United Kingdom",4
"Miramar Beach","United States",4
"Mississauga","Canada",4
"Monclova","United States",4
"Moncton","Canada",4
"Monesterio","Spain",4
"Montecatini Terme","Italy",4
"Monterey","United States",4
"Montigny-lès-Metz","France",4
"Monza","Italy",4
"Moody Air Force Base","United States",4
"Morphett Vale","Australia",4
"Mount Sheridan","Australia",4
"Mundaring","Australia",4
"Märsta","Sweden",4
"Natori City","Japan",4
"Navia","Spain",4
"Nerang","Australia",4
"Nes","Norway",4
"New Berlin","United States",4
"New Haw","United Kingdom",4
"New London","United States",4
"New Minas","Canada",4
"New Plymouth","New Zealand",4
"New York City","United States",4
"Nicholls","Australia",4
"North Mankato","United States",4
"Northampton","United States",4
"Nova Gorica","Slovenia",4
"Nové Mesto nad Váhom","Slovakia",4
"Nusa Jaya","Malaysia",4
"Nyíregyháza","Hungary",4
"Oak Creek","United States",4
"Ocala","United States",4
"Ocean Acres","United States",4
"Ocean View","United States",4
"Old Northwood","United States",4
"Orbe","Switzerland",4
"Orion","United States",4
"Osseo","United States",4
"Oulu","Finland",4
"Owatonna","United States",4
"Oxnard","United States",4
"Palmer","United States",4
"Palo Alto","United States",4
"Paloma","United States",4
"Panama City Beach","United States",4
"Paralowie","Australia",4
"Pariñas","Peru",4
"Pearland","United States",4
"Pegasus","New Zealand",4
"Pekin","United States",4
"Pendleton","United States",4
"Pensacola","United States",4
"Perry Hall","United States",4
"Perth South","Canada",4
"Peterlee","United Kingdom",4
"Piotrków Trybunalski","Poland",4
"Platte City","United States",4
"Plymouth","United Kingdom",4
"Point Lonsdale","Australia",4
"Pontault-Combault","France",4
"Port Charlotte","United States",4
"Port Douglas","Australia",4
"Port Pirie","Australia",4
"Port Salerno","United States",4
"Portage la Prairie","Canada",4
"Poughkeepsie","United States",4
"Považská Bystrica","Slovakia",4
"Prosper","United States",4
"Ptuj","Slovenia",4
"Quincy","United States",4
"Raahe","Finland",4
"Raamsdonksveer","Netherlands",4
"Randleman","United States",4
"Reeuwijk","Netherlands",4
"Reus","Spain",4
"Ribadeo","Spain",4
"Riverton","United States",4
"Rogersville","United States",4
"Rome","United States",4
"Rooty Hill","Australia",4
"Ropes Crossing","Australia",4
"Roskilde","Denmark",4
"Rouse Hill","Australia",4
"Royal Palm Beach","United States",4
"Ryazan","Russia",4
"Rødekro","Denmark",4
"Saint Helens","United Kingdom",4
"Saint-Jean-Pla-de-Corts","France",4
"Salt Lake City","United States",4
"Saltash","United Kingdom",4
"Saltsjö-Boo","Sweden",4
"San Bonifacio","Italy",4
"San Clemente","United States",4
"Sandy Bay","Australia",4
"Santo António dos Olivais","Portugal",4
"Savage","United States",4
"Scarborough","Australia",4
"Schenectady","United States",4
"Schiedam","Netherlands",4
"Seaford","Australia",4
"Sequim","United States",4
"Seward Hall","United States",4
"Seymour","United States",4
"Shell Cove","Australia",4
"Sligo","Ireland",4
"Smithfield","Australia",4
"Smithton","Australia",4
"Smolensk","Russia",4
"Someren","Netherlands",4
"Sorrento","Australia",4
"South Fulton","United States",4
"South Tamworth","Australia",4
"Speke-Garston","United Kingdom",4
"Springfield","Australia",4
"Springfield Central","Australia",4
"St Charles","United States",4
"St Joseph","United States",4
"St Louis","United States",4
"St Simons Island","United States",4
"St-Jean-Sur-Richelieu","Canada",4
"Statesboro","United States",4
"Steamboat Springs","United States",4
"Steinkjer","Norway",4
"Sterling","United States",4
"Stillwater","United States",4
"Summerfield","United States",4
"Sundbyberg","Sweden",4
"Sunrise","United States",4
"Sunset Bay","United States",4
"Swords","Ireland",4
"Sydenham","Australia",4
"Sylvan Lake","Canada",4
"Sylvania Township","United States",4
"Szeged","Hungary",4
"Székesfehérvár","Hungary",4
"Tafuna","United States",4
"Tapia de Casariego","Spain",4
"Tartu","Estonia",4
"Taupiri","New Zealand",4
"Taylors Hill","Australia",4
"Tegelen","Netherlands",4
"Tel Aviv-Yafo","Israel",4
"The Hammocks","United States",4
"Thomasville","United States",4
"Thornlands","Australia",4
"Thornton","United Kingdom",4
"Timashevsk","Russia",4
"Timnath","United States",4
"Tipton","United States",4
"Tiszaújváros","Hungary",4
"Tornio","Finland",4
"Torquay","United Kingdom",4
"Town of Tonawanda","United States",4
"Towne Lake","United States",4
"Trzebinia","Poland",4
"Tsuu T'ina Nation 145","Canada",4
"Tullamarine","Australia",4
"Twinsburg","United States",4
"Tynaarlo","Netherlands",4
"Tyresö","Sweden",4
"Ulverstone","Australia",4
"Ul’yanovsk","Russia",4
"University District","United States",4
"Val d'Or","Canada",4
"Veszprém","Hungary",4
"Vialonga","Portugal",4
"Vidnoye","Russia",4
"Vinstra","Norway",4
"Virovitica","Croatia",4
"Vista","United States",4
"Voorthuizen","Netherlands",4
"Wadsworth","United States",4
"Wallasey","United Kingdom",4
"Wallsend","Australia",4
"Wanaka","New Zealand",4
"Wanchaq","Peru",4
"Wannanup","Australia",4
"Warners Bay","Australia",4
"Warriewood","Australia",4
"Wath upon Dearne","United Kingdom",4
"Waukee","United States",4
"Waurn Ponds","Australia",4
"Waverly","United States",4
"Waynesville","United States",4
"Wendouree","Australia",4
"Werrington","Australia",4
"West Monroe","United States",4
"West Roxbury","United States",4
"West Valley","United States",4
"Westchester","United States",4
"Westlake","United States",4
"Westside/Sunkist Grove","United States",4
"Wetherill Park","Australia",4
"Whangamata","New Zealand",4
"Witry-lès-Reims","France",4
"Wodzisław Śląski","Poland",4
"Woorim","Australia",4
"Worthington","United States",4
"Yakutsk","Russia",4
"Yandina","Australia",4
"Yatala","Australia",4
"Yurga","Russia",4
"Yuzhno-Sakhalinsk","Russia",4
"Zuidlaren","Netherlands",4
"s-Gravenzande","Netherlands",4
"Åkersberga","Sweden",4
"Érd","Hungary",4
"Öjersjö","Sweden",4
"Ølstykke","Denmark",4
"Άγιος Σέργιος","Cyprus",4
"Τρίκωμο","Cyprus",4
"Achziv Industrial Zone-Milohot","Israel",3
"Acoma Indian Reservation","United States",3
"Airmyn","United Kingdom",3
"Ajdovščina","Slovenia",3
"Aktau G.A. gorodskoy akimat","Kazakhstan",3
"Albany Creek","Australia",3
"Albertville","United States",3
"Alcabideche","Portugal",3
"Alderley","Australia",3
"Alexandria","United Kingdom",3
"Ames","United States",3
"Anapa","Russia",3
"Andover","United States",3
"Apatity","Russia",3
"Apopka","United States",3
"Archangel","Russia",3
"Argyle","United States",3
"Armidale","Australia",3
"Asbury Lake","United States",3
"Ascot","Australia",3
"Ashkelon","Israel",3
"Ashtead","United Kingdom",3
"Aubin Grove","Australia",3
"Auburn","Australia",3
"Auburn Hills","United States",3
"Auburndale","United States",3
"Augny","France",3
"Augustów","Poland",3
"Australind","Australia",3
"Avalon Harbor","United States",3
"Avoca Borough","United States",3
"Avon Lake","United States",3
"Baar","Switzerland",3
"Bairnsdale","Australia",3
"Balbriggan","Ireland",3
"Balçova","Turkey",3
"Barjouville","France",3
"Barrhead","United Kingdom",3
"Barrie","Canada",3
"Barwick & Kippax","United Kingdom",3
"Barwon Heads","Australia",3
"Basehor","United States",3
"Bateau Bay","Australia",3
"Batemans Bay","Australia",3
"Beachlands","New Zealand",3
"Bean","United Kingdom",3
"Beavercreek","United States",3
"Beaverton","United States",3
"Bel Air North","United States",3
"Bel Aire","United States",3
"Belgrave","Australia",3
"Bella Terra","United States",3
"Bellambi","Australia",3
"Bellara","Australia",3
"Belleville","United States",3
"Beloeil","Canada",3
"Beneden-Leeuwen","Netherlands",3
"Bentley Park","Australia",3
"Bethel","United States",3
"Bethesda","United States",3
"Beverly","United States",3
"Biatorbágy","Hungary",3
"Binghamton","United States",3
"Birkdale ","Australia",3
"Birmingham","United States",3
"Birzebbugia (Malta)","Malta",3
"Bishop Auckland","United Kingdom",3
"Bishopton","United Kingdom",3
"Blackpool","United Kingdom",3
"Blaydon","United Kingdom",3
"Blue Earth","United States",3
"Bohumín","Czechia",3
"Bolney","United Kingdom",3
"Bomaderry","Australia",3
"Bombo","Australia",3
"Bonney Lake","United States",3
"Boonville","United States",3
"Bossier City","United States",3
"Bourne","United States",3
"Bowie","United States",3
"Boynton Hills","United States",3
"Bradford","United Kingdom",3
"Braintree","United States",3
"Breckenridge","United States",3
"Bridlington","United Kingdom",3
"Brielle","Netherlands",3
"Brighton","United Kingdom",3
"Bristol","United States",3
"Bromont","Canada",3
"Bromölla","Sweden",3
"Brookfield","United States",3
"Broughton","United Kingdom",3
"Bull Creek","Australia",3
"Bungalow","Australia",3
"Burdell","Australia",3
"Burnley","United Kingdom",3
"Byron","United States",3
"Břeclav","Czechia",3
"Caboolture South","Australia",3
"Caddens","Australia",3
"Cairns City","Australia",3
"Calderwood","Australia",3
"Caldwell","United States",3
"Camden","Australia",3
"Camp Lejeune","United States",3
"Canley Vale","Australia",3
"Canmore","Canada",3
"Cannonvale","Australia",3
"Canon City","United States",3
"Canton of Cesson-Sévigné","France",3
"Canton of Le Chambon-Feugerolles","France",3
"Caringbah South","Australia",3
"Carlsbad","United States",3
"Carluke","United Kingdom",3
"Carrollton","United States",3
"Casino","Australia",3
"Casper","United States",3
"Castellón de la Plana","Spain",3
"Castleford","United Kingdom",3
"Castroville","United States",3
"Catedral","Venezuela",3
"Cauro","France",3
"Caversham","Australia",3
"Cedarburg","United States",3
"Celina","United States",3
"Chagrin Valley","United States",3
"Chambéry","France",3
"Chanhassen","United States",3
"Channel Islands","United States",3
"Charlemont","Australia",3
"Charleston","United States",3
"Cheektowaga","United States",3
"Chehalis","United States",3
"Chelsea","United States",3
"Chernogorsk","Russia",3
"Chester","United Kingdom",3
"Chester Hill","Australia",3
"Chesterton","United States",3
"Chichester","United Kingdom",3
"Chiclayo","Peru",3
"Chillicothe","United States",3
"China Grove","United States",3
"Chipping Norton","Australia",3
"Cinnaminson","United States",3
"Civate","Italy",3
"Clarkdale","United States",3
"Cleveland","United States",3
"Clive","United States",3
"Clonsilla","Ireland",3
"Coalfield","United Kingdom",3
"Coaña","Spain",3
"Cocoa","United States",3
"Cocoplum","United States",3
"Cold Hesledon","United Kingdom",3
"Collaroy Plateau","Australia",3
"Cologne","United States",3
"Coolum Beach","Australia",3
"Coraopolis","United States",3
"Cork","Ireland",3
"Coronado","United States",3
"Cottleville","United States",3
"Cowra","Australia",3
"Crace","Australia",3
"Cranebrook","Australia",3
"Cronulla","Australia",3
"Crozet","United States",3
"Culpeper","United States",3
"Dahlonega","United States",3
"Dalton","United States",3
"Dalyellup ","Australia",3
"Danbury","United States",3
"Darch","Australia",3
"Darley","Australia",3
"Darwin City","Australia",3
"Davidsonville","United States",3
"Davoren Park","Australia",3
"De Lier","Netherlands",3
"Deception Bay","Australia",3
"Dedham","United States",3
"Deerfield Hills","United States",3
"Defiance","United States",3
"Delano","United States",3
"Delfgauw","Netherlands",3
"Delray Beach","United States",3
"Derwood","United States",3
"Dieppe","Canada",3
"Direk","Australia",3
"Dodoma","Tanzania",3
"Dornbirn","Austria",3
"Douglasville","United States",3
"Downingtown","United States",3
"Drogheda","Ireland",3
"Dromana","Australia",3
"Dubuque","United States",3
"Dunsborough ","Australia",3
"Dural","Australia",3
"Duvall","United States",3
"Dún Laoghaire-Rathdown (Ireland)","Ireland",3
"Easley","United States",3
"East Albury","Australia",3
"East Greenbush","United States",3
"East Lansing","United States",3
"East St Louis","United States",3
"Eden","United States",3
"Edgewater","United States",3
"Edina","United States",3
"Edmonds","United States",3
"Eethen","Netherlands",3
"Eindhoven","Netherlands",3
"El Ghobeiri","Lebanon",3
"Elkhart","United States",3
"Elkridge","United States",3
"Elmira","United States",3
"Elst","Netherlands",3
"Elverum","Norway",3
"Emerald Beach","Australia",3
"Emporia","United States",3
"Encounter Bay","Australia",3
"Endeavour Hills","Australia",3
"Erdington","United Kingdom",3
"Ermelo","Netherlands",3
"Eugene","United States",3
"Euxton","United Kingdom",3
"Evansville","United States",3
"Eystur (Faroe Islands)","Faroe Islands",3
"Fairfield","Australia",3
"Fairfield East","Australia",3
"Fairhope","United States",3
"Farrell","United States",3
"Fish Hawk","United States",3
"Flaxmere","New Zealand",3
"Flemington","United States",3
"Flowery Branch","United States",3
"Foley","United States",3
"Forest Park","United States",3
"Fort Bragg","United States",3
"Fort Dodge","United States",3
"Fort Lauderdale","United States",3
"Fort Lewis","United States",3
"Frogn","Norway",3
"Fruita","United States",3
"Fruitland","United States",3
"Fruitville","United States",3
"Fulford","United Kingdom",3
"Furadeis","Israel",3
"Gambrills","United States",3
"Gamla Tyresö","Sweden",3
"Gardner","United States",3
"Gasselte","Netherlands",3
"Ge Lin Da Wei Ku Zhen","Iceland",3
"Genesee","United States",3
"Georgetown","Canada",3
"Geraldton","Australia",3
"Giessendam","Netherlands",3
"Girrawheen","Australia",3
"Godstone","United Kingdom",3
"Gold Coast","Australia",3
"Golden Bay","Australia",3
"Golden Point","Australia",3
"Gore","New Zealand",3
"Gorleston-on-Sea","United Kingdom",3
"Gosford","Australia",3
"Gracemere","Australia",3
"Granadilla de Abona","Spain",3
"Grand Forks","United States",3
"Grandview Heights","United States",3
"Grass Valley","United States",3
"Great Yarmouth","United Kingdom",3
"Groznyy","Russia",3
"Gruyères","Switzerland",3
"Győr","Hungary",3
"Gödöllő","Hungary",3
"Hadath","Lebanon",3
"Haderslev","Denmark",3
"Haga","Sweden",3
"Halifax","United Kingdom",3
"Halswell","New Zealand",3
"Hamilton","United Kingdom",3
"Hamilton","United States",3
"Hammar","Sweden",3
"Hampton","United States",3
"Hanahan","United States",3
"Hanover Township","United States",3
"Happy Valley","Australia",3
"Harpers Ferry","United States",3
"Hasselt","Belgium",3
"Hasselt","Netherlands",3
"Hastings","Australia",3
"Haugesund","Norway",3
"Havana","Cuba",3
"Hayden","United States",3
"Heathridge","Australia",3
"Heathwood","Australia",3
"Heaton","United Kingdom",3
"Heidelberg","Germany",3
"Helensburgh","Australia",3
"Helsingør","Denmark",3
"Herk-de-Stad","Belgium",3
"Herne","Germany",3
"Hershey","United States",3
"Hierden","Netherlands",3
"Higher Penwortham","United Kingdom",3
"Highlands/Perkins","United States",3
"Hilton Head","United States",3
"Hisings Karra","Sweden",3
"Hollywood","United States",3
"Honolulu","United States",3
"Hoogland","Netherlands",3
"Horgen","Switzerland",3
"Horizon City","United States",3
"Horizon West","United States",3
"Horsford","United Kingdom",3
"Horsforth","United Kingdom",3
"Horten","Norway",3
"Horw","Switzerland",3
"Hostivice","Czechia",3
"Hove","United Kingdom",3
"Hoylake","United Kingdom",3
"Huaquillas","Ecuador",3
"Huber Heights","United States",3
"Hugo","United States",3
"Huntersville","United States",3
"Hyannis","United States",3
"Hässelby","Sweden",3
"Inverell","Australia",3
"Inwood","United States",3
"Irving","United States",3
"Ivins","United States",3
"Jefferson","United States",3
"Johanneshov","Sweden",3
"Jonesboro","United States",3
"Junction City","United States",3
"Jönköping","Sweden",3
"Kalgoorlie","Australia",3
"Kallangur","Australia",3
"Kangaroo Flat","Australia",3
"Karlovac","Croatia",3
"Kastrup","Denmark",3
"Kemerovo","Russia",3
"Kemptville","Canada",3
"Kenilworth","United Kingdom",3
"Key Biscayne","United States",3
"Khasavyurt","Russia",3
"Kherson","Ukraine",3
"Killara","Australia",3
"Killarney Vale","Australia",3
"Killdeer","United States",3
"Kilmacanogue","Ireland",3
"Kilmarnock","United Kingdom",3
"Kilpedder","Ireland",3
"Kimball","United States",3
"Kingsport","United States",3
"Kingston","United States",3
"Kirkkonummi","Finland",3
"Kirov","Russia",3
"Konz","Germany",3
"Kostanai Region","Kazakhstan",3
"Kota Samarahan","Malaysia",3
"Krasnodar","Russia",3
"Krasnokamensk","Russia",3
"Krško","Slovenia",3
"Kursk","Russia",3
"Lackawanna","United States",3
"Lake Arbor","United States",3
"Lake Country","Canada",3
"Lake Forest","United States",3
"Lake Illawarra","Australia",3
"Lalor Park","Australia",3
"Land O' Lakes","United States",3
"Laredo","United States",3
"Largs Bay","Australia",3
"Las Cruces","United States",3
"Las Heras","Argentina",3
"Leawood","United States",3
"Lendava","Slovenia",3
"Lennoxville","Canada",3
"Lent","Netherlands",3
"Leura","Australia",3
"Liberty Lake","United States",3
"Lima","Peru",3
"Lincolnwood","United States",3
"Linlithgow","United Kingdom",3
"Linne","Netherlands",3
"Linton Hall","United States",3
"Lisbon","United States",3
"Lithonia","United States",3
"Lititz","United States",3
"Live Oak","United States",3
"Locust Grove","United States",3
"Loganville","United States",3
"Lomma","Sweden",3
"Loon op Zand","Netherlands",3
"Loures","Portugal",3
"Lugoj","Romania",3
"Lumberton","United States",3
"Lynn","United States",3
"Lærdalsøyri","Norway",3
"Lévis","Canada",3
"Macclesfield","United Kingdom",3
"Macomb","United States",3
"Mainvilliers","France",3
"Maitland","Australia",3
"Malaga","Australia",3
"Marangaroo","Australia",3
"Marengo","United States",3
"Marewa","New Zealand",3
"Marijampolė","Lithuania",3
"Marina","United States",3
"Marldon","United Kingdom",3
"Maroochydore","Australia",3
"Maroubra","Australia",3
"Mars","United States",3
"Maryborough","Australia",3
"Maryville","United States",3
"Mashpee","United States",3
"Masku","Finland",3
"Matosinhos","Portugal",3
"McCordsville","United States",3
"McEwen","United States",3
"McGuire Air Force Base","United States",3
"McMinnville","United States",3
"Melbourne","United States",3
"Melton South","Australia",3
"Miami Gardens","United States",3
"Miami Lakes","United States",3
"Middlesbrough","United Kingdom",3
"Midland","Australia",3
"Midland","United States",3
"Mikkeli","Finland",3
"Mill Creek at Cyprus Ridge","United States",3
"Minnetonka","United States",3
"Mira","Italy",3
"Mirrabooka","Australia",3
"Miskolc","Hungary",3
"Mitchelton","Australia",3
"Montalto Uffugo","Italy",3
"Montrose","United States",3
"Moorhead","United States",3
"Mooroolbark","Australia",3
"Mornington","Australia",3
"Moseley","United States",3
"Moss Vale","Australia",3
"Motherwell","United Kingdom",3
"Moultrie","United States",3
"Mount Louisa","Australia",3
"Mountpleasant","Ireland",3
"Murmansk","Russia",3
"Murwillumbah","Australia",3
"Muskegon","United States",3
"Musselburgh","United Kingdom",3
"Mytishchi","Russia",3
"Mór","Hungary",3
"Mülheim an der Ruhr","Germany",3
"Nanaimo","Canada",3
"Nanticoke","United States",3
"Nantucket","United States",3
"Napa","United States",3
"Narlıdere","Turkey",3
"Neve Yam","Israel",3
"New Hudson","United States",3
"New Market","United States",3
"New Prague","United States",3
"New Rochelle","United States",3
"New Stanton","United States",3
"New York","United States",3
"Newburn","United Kingdom",3
"Newport","Australia",3
"Niceville","United States",3
"Niederberg","Germany",3
"Nijkerkerveen","Netherlands",3
"Nokia","Finland",3
"Norman Gardens","Australia",3
"North Beach","Australia",3
"North East","United States",3
"North Little Rock","United States",3
"North Pole","United States",3
"North Ridgeville","United States",3
"Northgate","United Kingdom",3
"Norwood","United States",3
"Notodden","Norway",3
"Novi","United States",3
"Novi Sad","Serbia",3
"Nowra","Australia",3
"Nuriootpa","Australia",3
"Nynäshamn","Sweden",3
"Näsbypark","Sweden",3
"Oakdale","United States",3
"Oakland","United States",3
"Oakville","Canada",3
"Oakwood","United States",3
"Oberlin","United States",3
"Ocean Reef","Australia",3
"Oconomowoc","United States",3
"Odivelas","Portugal",3
"Okotoks","Canada",3
"Olomouc","Czechia",3
"Omsk","Russia",3
"Opava","Czechia",3
"Oppdal","Norway",3
"Orange","United States",3
"Orion Township","United States",3
"Orkanger","Norway",3
"Oromocto","Canada",3
"Oroville","United States",3
"Orrell","United Kingdom",3
"Osby","Sweden",3
"Ottoway","Australia",3
"Ottumwa","United States",3
"Oviedo","United States",3
"Owings","United States",3
"Oxenford","Australia",3
"Oxley","Australia",3
"Oxon Hill","United States",3
"Paide","Estonia",3
"Palmerston","Australia",3
"Palmetto Bay","United States",3
"Papamoa Beach","New Zealand",3
"Parkville","Australia",3
"Parkville","United States",3
"Patras","Greece",3
"Pauanui","New Zealand",3
"Pease Pottage","United Kingdom",3
"Pelham","United States",3
"Pelham Bay Park","United States",3
"Penrhos","United Kingdom",3
"Penrith","Australia",3
"Penza","Russia",3
"Perth","United Kingdom",3
"Peterborough","United States",3
"Pictou","Canada",3
"Pine Island","United States",3
"Pinhal Novo","Portugal",3
"Pitt Meadows","Canada",3
"Piura","Peru",3
"Plymouth","United States",3
"Pomacle","France",3
"Poraiti","New Zealand",3
"Porsgrunn","Norway",3
"Port Townsend","United States",3
"Portage","United States",3
"Portree","United Kingdom",3
"Porvoo","Finland",3
"Poulsbo","United States",3
"Prairie du Chien","United States",3
"Prairiewood","Australia",3
"Prestons","Australia",3
"Prestwick","United Kingdom",3
"Prijedor","Bosnia and Herzegovina",3
"Purcellville","United States",3
"Pécs","Hungary",3
"Quail","United States",3
"Racine","United States",3
"Raleigh","Australia",3
"Ramat Hasharon","Israel",3
"Rancho","United States",3
"Rancho Cucamonga","United States",3
"Raymore","United States",3
"Redcar","United Kingdom",3
"Redcliffe","Australia",3
"Regents Park","Australia",3
"Reisterstown","United States",3
"Research","Australia",3
"Reusel","Netherlands",3
"Revere","United States",3
"Reykjavík","Iceland",3
"Reynella East","Australia",3
"Reynolds Heights","United States",3
"Richardson","United States",3
"Richmond","Canada",3
"Richmond West","United States",3
"Ridgewood","Australia",3
"Riga","Latvia",3
"Rijswijk","Netherlands",3
"Ringsted","Denmark",3
"Rio de Janeiro","Brazil",3
"Riverside","United States",3
"Riverview","Canada",3
"Rock Hill","United States",3
"Rogers","United States",3
"Rose Canyon","United States",3
"Rouyn-Noranda","Canada",3
"Rushden","United Kingdom",3
"Ruston","United States",3
"Rutherglen","United Kingdom",3
"Råneå","Sweden",3
"Saint Louis Park","United States",3
"Saint-Louis","France",3
"Salamander Bay","Australia",3
"Salo","Finland",3
"Salt","Spain",3
"San Luis","Argentina",3
"San Ramon","United States",3
"Sandefjord","Norway",3
"Sandy Beach","Australia",3
"Sankt Pölten","Austria",3
"Santa Clara","United States",3
"Santa Iria de Azoia","Portugal",3
"Santa Olalla del Cala","Spain",3
"Satu Mare","Romania",3
"Saukville","United States",3
"Schwechat","Austria",3
"Sea View Estates","United States",3
"Sebastian","United States",3
"Senec","Slovakia",3
"Sept-Îles","Canada",3
"Severn","United States",3
"Severnyy","Russia",3
"Seville","Spain",3
"Shailer Park","Australia",3
"Short Pump","United States",3
"Siedlce","Poland",3
"Silver Bluff","United States",3
"Siófok","Hungary",3
"Sjödalen","Sweden",3
"Snowmass Village","United States",3
"Snättringe","Sweden",3
"Sobralinho","Portugal",3
"South Milford Historic District","United States",3
"South Shore","United Kingdom",3
"South West Rocks","Australia",3
"South Yarmouth","United States",3
"Southern Pines","United States",3
"Southport","United States",3
"Spartanburg","United States",3
"Spearwood","Australia",3
"Springwood","Australia",3
"Squamish","Canada",3
"St Albans","Australia",3
"St Catharines","Canada",3
"St Michael","United States",3
"St. Clair Township","United States",3
"St. Louis","United States",3
"Stafford","United States",3
"Staines-upon-Thames","United Kingdom",3
"Stanthorpe","Australia",3
"Stirling","United Kingdom",3
"Stockholm-Arlanda","Sweden",3
"Stoughton","United States",3
"Stratford","Canada",3
"Strömstad","Sweden",3
"Sudbury","United Kingdom",3
"Sullana","Peru",3
"Summerland","Canada",3
"Summerside","Canada",3
"Sundre","Canada",3
"Sunshine Coast","Australia",3
"Surfers Paradise","Australia",3
"Sutton Coldfield","United Kingdom",3
"Suwanee","United States",3
"Svendborg","Denmark",3
"Sykesville","United States",3
"Szczecin","Poland",3
"São Bartolomeu de Messines","Portugal",3
"Talleysville","United States",3
"Tamiami","United States",3
"Taos","United States",3
"Taradale","New Zealand",3
"Taree","Australia",3
"Tashkent","Uzbekistan",3
"Tel Mond","Israel",3
"The Colony","United States",3
"The Grant at Willowsford","United States",3
"The Hague","Netherlands",3
"Thirsk","United Kingdom",3
"Thornaby-on-Tees","United Kingdom",3
"Tijuana","Mexico",3
"Tilburg","Netherlands",3
"Tirana","Albania",3
"Toruń","Poland",3
"Town","United Kingdom",3
"Tracy","United States",3
"Tralee","Ireland",3
"Tranent","United Kingdom",3
"Traralgon East","Australia",3
"Trenton","United States",3
"Trenčín","Slovakia",3
"Triangle","United States",3
"Tuggerah","Australia",3
"Tumba","Sweden",3
"Turku","Finland",3
"Turlock","United States",3
"Twin Waters","Australia",3
"Upper Arlington","United States",3
"VE","Italy",3
"Vaasa","Finland",3
"Vacaville","United States",3
"Vaira","Lithuania",3
"Valašské Meziříčí","Czechia",3
"Valle de Banderas","Mexico",3
"Vasse","Australia",3
"Vaughan","Canada",3
"Vejle","Denmark",3
"Vellinge","Sweden",3
"Venice","United States",3
"Vennesla","Norway",3
"Vermont South","Australia",3
"Vientiane","Laos",3
"Viksjö","Sweden",3
"Village of Bayberry North","United States",3
"Ville-la-Grand","France",3
"Vineyard","United States",3
"Wainui","New Zealand",3
"Waite Park","United States",3
"Wakeley","Australia",3
"Wallaroo","Australia",3
"Wallsend","United Kingdom",3
"Wandal","Australia",3
"Wanniassa","Australia",3
"Washington","United Kingdom",3
"Wasilla","United States",3
"Wasserliesch","Germany",3
"Waterville","United States",3
"Watsonville","United States",3
"Wauwatosa","United States",3
"Wałcz","Poland",3
"Webster","United States",3
"Wellington","Australia",3
"Wentzville","United States",3
"West Beach","Australia",3
"West Bloomfield Township","United States",3
"West Boldon","United Kingdom",3
"West Chester","United States",3
"West End","United States",3
"West Friendship","United States",3
"West Valley City","United States",3
"West Vancouver","Canada",3
"West Wickham","United Kingdom",3
"Westpark","United States",3
"Wexford","Ireland",3
"Wheaton-Glenmont","United States",3
"Whitburn","United Kingdom",3
"Whiteman","Australia",3
"Whitewater","United States",3
"Whyalla Stuart","Australia",3
"Wickenburg","United States",3
"Willard","United States",3
"Williamsport","United States",3
"Willmar","United States",3
"Winter Park","United States",3
"Wisconsin Rapids","United States",3
"Woodcroft","Australia",3
"Woods Cross","United States",3
"Wooster","United States",3
"Wright","Australia",3
"Wrightstown","United States",3
"Wynyard","Australia",3
"Yass","Australia",3
"Yorkton","Canada",3
"Yorkville","United States",3
"Yuba City","United States",3
"Zadar","Croatia",3
"Zumaya","Spain",3
"Ząbki","Poland",3
"Älvsjö","Sweden",3
"Århus","Denmark",3
"Åstorp","Sweden",3
"Čapljina","Bosnia and Herzegovina",3
"Świnoujście","Poland",3
"Šempeter pri Gorici","Slovenia",3
"Šilutė","Lithuania",3
"Έγκωμη","Cyprus",3
"'s-Hertogenbosch","Netherlands",2
"A Ku Lei La Zhen","Iceland",2
"Abbotsbury","Australia",2
"Aberglasslyn","Australia",2
"Abington","United Kingdom",2
"Achinsk","Russia",2
"Adelaide Airport","Australia",2
"Adrian","United States",2
"Aimin District","China",2
"Airport West","Australia",2
"Airway Heights","United States",2
"Alafaya","United States",2
"Albany","Australia",2
"Albion Park Rail","Australia",2
"Albufeira","Portugal",2
"Aldinga","Australia",2
"Aldinga Beach","Australia",2
"Aldridge Central & South","United Kingdom",2
"Aleksandrów Łódzki","Poland",2
"Algonquin","United States",2
"Allouez","United States",2
"Alma","Canada",2
"Alpine","United States",2
"Ambarvale","Australia",2
"Amesbury","United States",2
"Ammon","United States",2
"Amos","Canada",2
"Ancaster","Canada",2
"Andergrove","Australia",2
"Anderson Township","United States",2
"Andorra la Vella","Andorra",2
"Angered","Sweden",2
"Aniva","Russia",2
"Ansfelden","Austria",2
"Antigonish County","Canada",2
"Antiguo Cuscatlán","El Salvador",2
"Antrim","United Kingdom",2
"Apollo Beach","United States",2
"Araluen","Australia",2
"Arcadia","United States",2
"Arden Hills","United States",2
"Ardrossan","United Kingdom",2
"Argun","Russia",2
"Armstrong Creek","Australia",2
"Armthorpe","United Kingdom",2
"Arnhem","Netherlands",2
"Arnö","Sweden",2
"Arthur's Seat","United Kingdom",2
"Arundel","United States",2
"Arvidsjaur","Sweden",2
"Ashburn","United States",2
"Ashburton","New Zealand",2
"Ashmore","Australia",2
"Askham Bryan","United Kingdom",2
"Athlone","Ireland",2
"Athol","United States",2
"Attard (Malta)","Malta",2
"Aubrey","United States",2
"Aveley","Australia",2
"Aventura","United States",2
"Añorga-Lugariz","Spain",2
"Bacchus Marsh","Australia",2
"Bainbridge Island","United States",2
"Balatonfúzfó","Hungary",2
"Balatonszentgyörgy","Hungary",2
"Balgonie","Canada",2
"Ball Ground","United States",2
"Ballan","Australia",2
"Ballina","Ireland",2
"Bangor","United States",2
"Banora Point","Australia",2
"Bardia","Australia",2
"Barkarby","Sweden",2
"Barmulloch","United Kingdom",2
"Barnawartha North","Australia",2
"Barnsley","United Kingdom",2
"Barnstable","United States",2
"Barreiro","Portugal",2
"Barrow-in-Furness","United Kingdom",2
"Basalt","United States",2
"Basse-Indre","France",2
"Bath","United States",2
"Battlesbridge","United Kingdom",2
"Bayfield","United States",2
"Bayview","Australia",2
"Bazancourt","France",2
"Beaconsfield","Australia",2
"Beauharnois","Canada",2
"Beech Grove","United States",2
"Beeliar","Australia",2
"Beeston","United Kingdom",2
"Bega","Australia",2
"Belfast","United Kingdom",2
"Belfeld","Netherlands",2
"Bell Post Hill","Australia",2
"Bellbird Park","Australia",2
"Bellimbopinni","Australia",2
"Belmar","United States",2
"Belogorsk","Russia",2
"Benalla","Australia",2
"Bennettsville","United States",2
"Benton Harbor","United States",2
"Berakas B","Brunei",2
"Berlin","United States",2
"Berrinba","Australia",2
"Bertram","Australia",2
"Berëzovka","Russia",2
"Bessemer","United States",2
"Bexley","United States",2
"Biesiekierz","Poland",2
"Big Bear Lake","United States",2
"Biloxi","United States",2
"Biriatou","France",2
"Birkdale","Australia",2
"Birkenshaw","United Kingdom",2
"Biscayne Bay","United States",2
"Bishkek","Kyrgyzstan",2
"Bishopbriggs","United Kingdom",2
"Biłgoraj","Poland",2
"Black Diamond","United States",2
"Black Rock","Australia",2
"Blackbutt","Australia",2
"Blackman Township","United States",2
"Blackshear","United States",2
"Blagoveshchensk","Russia",2
"Blair Athol","Australia",2
"Blandon","United States",2
"Bloomfield","United States",2
"Bloomingdale","United States",2
"Blue Bell","United States",2
"Bo'ness","United Kingdom",2
"Boambee East","Australia",2
"Boardman","United States",2
"Boerne","United States",2
"Bogart","United States",2
"Bolingbrook","United States",2
"Bolton","Canada",2
"Bonita Bay","United States",2
"Bonne Terre","United States",2
"Bonner","Australia",2
"Boorooma","Australia",2
"Bornova","Turkey",2
"Boronia","Australia",2
"Bossley Park","Australia",2
"Box Elder","United States",2
"Brabham","Australia",2
"Branson","United States",2
"Bratsk","Russia",2
"Bredbury","United Kingdom",2
"Bremerton","United States",2
"Breña","Peru",2
"Bridgeport","United States",2
"Bristow","United States",2
"Broadbeach Waters","Australia",2
"Broadwater","Australia",2
"Broken Hill","Australia",2
"Brokind","Sweden",2
"Brookhaven","United States",2
"Brookings","United States",2
"Brooklawn","United States",2
"Brookline","United States",2
"Brooklyn","United States",2
"Brooklyn Park","United States",2
"Broussard","United States",2
"Brown Deer","United States",2
"Brownsfield/Central","United States",2
"Bruce","Australia",2
"Bruck an der Leitha","Austria",2
"Buchanan","Australia",2
"Buchanan","United States",2
"Buckeye","United States",2
"Buckhead","United States",2
"Buechel","United States",2
"Buena Vista Township","United States",2
"Bundoora","Australia",2
"Bunkeflostrand","Sweden",2
"Burbank","United States",2
"Burnside","Australia",2
"Burnside Heights","Australia",2
"Burntisland","United Kingdom",2
"Burton","Australia",2
"Burtonsville","United States",2
"Bydgoszcz","Poland",2
"Byron Bay","Australia",2
"Cabazon","United States",2
"Cable Beach","Australia",2
"Cabocan","Cape Verde",2
"Cadillac","United States",2
"Cady","United States",2
"Caergeiliog","United Kingdom",2
"Caesarea","Israel",2
"Cairnlea","Australia",2
"Cairns","Australia",2
"Cairns North","Australia",2
"Caledonia","United States",2
"California Gully","Australia",2
"Callemondah","Australia",2
"Cambo-les-Bains","France",2
"Camp Hill","Australia",2
"Camp Springs","United States",2
"Camrose","Canada",2
"Canadian","Australia",2
"Canandaigua","United States",2
"Canonsburg","United States",2
"Canwick","United Kingdom",2
"Canyon Rim","United States",2
"Capalaba","Australia",2
"Cape Breton","Canada",2
"Cape Charles","United States",2
"Capitol Heights","United States",2
"Carbondale","United States",2
"Carey Park","Australia",2
"Carina Heights","Australia",2
"Carlisle","United States",2
"Carlow","Ireland",2
"Carlton","Australia",2
"Carlton North","Australia",2
"Carnarvon","Australia",2
"Carnes Hill","Australia",2
"Carver Square","United States",2
"Casa Grande","United States",2
"Cascais","Portugal",2
"Cashmere","United States",2
"Casselberry","United States",2
"Castaic","United States",2
"Castilblanco de los Arroyos","Spain",2
"Castilla","Peru",2
"Castlebar","Ireland",2
"Castleford Central","United Kingdom",2
"Castropol","Spain",2
"Catalina Lakes","United States",2
"Caurel","France",2
"Caxias","Portugal",2
"Cedar City","United States",2
"Cedar Hills","United States",2
"Cedar Lake Township","United States",2
"Celebration Pointe","United States",2
"Central Banjarmasin","Indonesia",2
"Cessnock","Australia",2
"Cesson-Sévigné","France",2
"Champlain","United States",2
"Chandigarh","India",2
"Chandler","United States",2
"Chantilly","United States",2
"Chapultepec Country","Mexico",2
"Charnwood","Australia",2
"Chelsfield & Pratts Bottom","United Kingdom",2
"Chemainus","Canada",2
"Chester-le-Street","United Kingdom",2
"Chimney Lakes","United States",2
"Chincha Alta","Peru",2
"Chincoteague","United States",2
"Chineham","United Kingdom",2
"Chişinău","Moldova",2
"Christies Beach","Australia",2
"Cincinnati","United States",2
"City Centre","United Kingdom",2
"Claremont","Australia",2
"Claremont","United States",2
"Clarkston","United States",2
"Cle Elum","United States",2
"Clear Island Waters","Australia",2
"Clinton","Australia",2
"Cloncurry","Australia",2
"Clonee","Ireland",2
"Clontarf ","Australia",2
"Clothiers Creek","Australia",2
"Cloverly","United States",2
"Clyde North","Australia",2
"Clyde River","Canada",2
"Coatesville","United States",2
"Coblenz","Germany",2
"Cobourg","Canada",2
"Coconut Grove","United States",2
"Collingwood","Canada",2
"Colnbrook","United Kingdom",2
"Colne","United Kingdom",2
"Cologne","Germany",2
"Columbine","United States",2
"Colville","United States",2
"Commerce","United States",2
"Congleton","United Kingdom",2
"Conover","United States",2
"Cooroy","Australia",2
"Coquitlam","Canada",2
"Coral Springs","United States",2
"Coral Terrace","United States",2
"Corbridge","United Kingdom",2
"Cordes Junction","United States",2
"Cordoba","Argentina",2
"Corenc","France",2
"Cornubia","Australia",2
"Corroios","Portugal",2
"Costa Mesa","United States",2
"Cottam","United Kingdom",2
"Country Club Estates","United States",2
"Coventry","United States",2
"Cozumel","Mexico",2
"Creeds","United States",2
"Creekmoor","United Kingdom",2
"Crestwood","United States",2
"Crofton","United States",2
"Cumbernauld","United Kingdom",2
"Cunnamulla","Australia",2
"Cupertino","United States",2
"Częstochowa","Poland",2
"Dairy Flat","New Zealand",2
"Dandenong","Australia",2
"Danielsville","United States",2
"Daphne","United States",2
"Dapto","Australia",2
"Darra","Australia",2
"Davenport","United States",2
"Dawesville","Australia",2
"Daytona Beach","United States",2
"De Kalb","United States",2
"De Land","United States",2
"DeForest","United States",2
"Decatur","United States",2
"Deerfield Township","United States",2
"Denham Court","Australia",2
"Derby","United Kingdom",2
"Derby","United States",2
"Destin","United States",2
"Deva","Spain",2
"Diggers Rest","Australia",2
"Djibouti","Djibouti",2
"Djugun","Australia",2
"Djursholm","Sweden",2
"Douglas","Australia",2
"Driver","Australia",2
"Driving Park","United States",2
"Drobeta-Turnu Severin","Romania",2
"Drouin","Australia",2
"Druid Hills","United States",2
"Drumree","Ireland",2
"Drysdale","Australia",2
"Dubrovnik","Croatia",2
"Duizel","Netherlands",2
"Dunajská Lužná","Slovakia",2
"Dunaújváros","Hungary",2
"Duncraig","Australia",2
"Dundee","United Kingdom",2
"Dungarvan","Ireland",2
"Dunmurry","United Kingdom",2
"Durrës","Albania",2
"Dussen","Netherlands",2
"Duxbury","United States",2
"Eagle Lake","United States",2
"Eagle Vale","Australia",2
"East Ballina","Australia",2
"East Cannington","Australia",2
"East Chicago","United States",2
"East Devonport","Australia",2
"East Gosforth","United Kingdom",2
"East Hants","Canada",2
"East Toowoomba","Australia",2
"Eastgate","United States",2
"Easton","United States",2
"Eastover","United States",2
"Eastport","United States",2
"Eden","Australia",2
"Edensor Park","Australia",2
"Edmonton","Australia",2
"Edwardsville","United States",2
"Ein Vered","Israel",2
"El Cerrito","United States",2
"El Franco","Spain",2
"Elanora","Australia",2
"Elbląg","Poland",2
"Elizabethtown","United States",2
"Elizalde","Spain",2
"Elkton","United States",2
"Ellensburg","United States",2
"Ellesmere Port","United Kingdom",2
"Ellington","United Kingdom",2
"Elora","Canada",2
"Elton","United Kingdom",2
"Emerald Hills","United States",2
"Emerald Isle","United States",2
"Emerson-Garfield","United States",2
"Emmett","United States",2
"Enebyberg","Sweden",2
"Englewood","United States",2
"Enniskillen","United Kingdom",2
"Epping","United States",2
"Erina","Australia",2
"Errenteria / Rentería","Spain",2
"Esbeek","Netherlands",2
"Escalon","United States",2
"Espargos","Cape Verde",2
"Essendon Fields","Australia",2
"Essex","United States",2
"Eumundi","Australia",2
"Eustis","United States",2
"Even Yehuda","Israel",2
"Evergreen","United States",2
"Evergrene","United States",2
"Everton Park","Australia",2
"Ewijk","Netherlands",2
"Ewing","United States",2
"Exeter","Australia",2
"Eyota","United States",2
"Fairborn","United States",2
"Fairfield Heights","Australia",2
"Fairfield Township","United States",2
"Fairlawn","United States",2
"Fairmont","United States",2
"Falagueira-Venda Nova","Portugal",2
"Falling Waters","United States",2
"Far Eastside","United States",2
"Farmersville","United States",2
"Farmington Hills","United States",2
"Faverdale","United Kingdom",2
"Felsőzsolca","Hungary",2
"Fernandina Beach","United States",2
"Finale Emilia","Italy",2
"Findlay","United States",2
"Fischamend","Austria",2
"Fitzroy North","Australia",2
"Fleetwood","United Kingdom",2
"Fletcher","Australia",2
"Folkestone","United Kingdom",2
"Folsom","United States",2
"Fontenay-sur-Eure","France",2
"Forest","United States",2
"Forest Grove","United States",2
"Fort Dix","United States",2
"Fort Lee","United States",2
"Fort McPherson","United States",2
"Fort Walton Beach","United States",2
"Forte da Casa","Portugal",2
"Fracc Monraz","Mexico",2
"Framingham","United States",2
"Frankfort","United States",2
"Frederikssund","Denmark",2
"Fredonia","United States",2
"Fremont","United States",2
"Frenchmans Creek","United States",2
"Frenchville","Australia",2
"Freshwater","Australia",2
"Fretin","France",2
"Frösön","Sweden",2
"Frýdek-Místek","Czechia",2
"Fullers Slade","United Kingdom",2
"Førde","Norway",2
"Fürstenfeld","Austria",2
"Galaţi","Romania",2
"Galt","United States",2
"Gardnerville","United States",2
"Garran","Australia",2
"Garstang","United Kingdom",2
"Gdańsk","Poland",2
"Genderen","Netherlands",2
"Genoa","Italy",2
"George Town","Cayman Islands",2
"Gerringong","Australia",2
"Gildersome","United Kingdom",2
"Gilze","Netherlands",2
"Girard","United States",2
"Girona","Spain",2
"Girvan","United Kingdom",2
"Givat Ada","Israel",2
"Givatayim","Israel",2
"Gjerstad","Norway",2
"Gjorče Petrov Municipality","North Macedonia",2
"Glasgow","United Kingdom",2
"Glastonbury","United States",2
"Gledswood Hills","Australia",2
"Glen Allen","United States",2
"Glen Burnie","United States",2
"Glen Waverley","Australia",2
"Glendenning","Australia",2
"Glenfield","Australia",2
"Glenwood","United States",2
"Gmina Mszana","Poland",2
"Godoy Cruz","Argentina",2
"Goffstown","United States",2
"Goirle","Netherlands",2
"Golborne","United Kingdom",2
"Golden Valley","United States",2
"Goleta","United States",2
"Gonzales","United States",2
"Goolwa","Australia",2
"Goondiwindi","Australia",2
"Goonellabah","Australia",2
"Gordon","Australia",2
"Gorey","Ireland",2
"Gorse Hill","United Kingdom",2
"Gorzów Wielkopolski","Poland",2
"Goshen","United States",2
"Gosnells","Australia",2
"Gossops Green","United Kingdom",2
"Grand Falls-Windsor","Canada",2
"Grange","Australia",2
"Grantsville","United States",2
"Grappenhall","United Kingdom",2
"Graz","Austria",2
"Great Plumstead","United Kingdom",2
"Green Point","Australia",2
"Greenacres","United States",2
"Greenhithe","United Kingdom",2
"Greensburg","United States",2
"Greer","United States",2
"Grenfell","Australia",2
"Grenå","Denmark",2
"Gretna","United States",2
"Greve","Denmark",2
"Grevenmacher","Luxembourg",2
"Greystones","Ireland",2
"Grimes","United States",2
"Grodno City Council","Belarus",2
"Guadalajara","Mexico",2
"Gulfport","United States",2
"Gunnilse","Sweden",2
"Guyton","United States",2
"Gypsum","United States",2
"Gyöngyös","Hungary",2
"Görlitz","Germany",2
"Habonim","Israel",2
"Hagalund","Sweden",2
"Hales Corners","United States",2
"Hallonbergen","Sweden",2
"Halstenbek","Germany",2
"Hamar","Norway",2
"Handforth","United Kingdom",2
"Hanford","United States",2
"Happy Valley","United States",2
"Harbor Village","United States",2
"Harbour Isle at Hutchinson Island","United States",2
"Harrington","Australia",2
"Harrisonburg","United States",2
"Hartford","United States",2
"Hartville","United States",2
"Haslet","United States",2
"Hatley Canton","Canada",2
"Hawera","New Zealand",2
"Haywards Bay","Australia",2
"Headingley","Canada",2
"Heath","United Kingdom",2
"Heatley","Australia",2
"Hebron","United States",2
"Hegyeshalom","Hungary",2
"Helston","United Kingdom",2
"Herculaneum","United States",2
"Hercules","United States",2
"Herning","Denmark",2
"Herons Creek","Australia",2
"Herzliya","Israel",2
"Hickory","United States",2
"Hickstead","United Kingdom",2
"Higashimatsushima City","Japan",2
"High River","Canada",2
"Highland Beach","United States",2
"Highland Heights","United States",2
"Highton","Australia",2
"Highwoods","United Kingdom",2
"Hillvue","Australia",2
"Hilvarenbeek","Netherlands",2
"Hlohovec","Slovakia",2
"Hochleithen","Austria",2
"Hocking","Australia",2
"Hoffman Estates","United States",2
"Hofors","Sweden",2
"Hokksund","Norway",2
"Holbæk","Denmark",2
"Hollister","United States",2
"Holyhead","United Kingdom",2
"Homer","United States",2
"Homer Glen","United States",2
"Hoover","United States",2
"Hope Island","Australia",2
"Hope Mills","United States",2
"Hoppers Crossing","Australia",2
"Hornsby","Australia",2
"Horotiu","New Zealand",2
"Horseheads","United States",2
"Horsham Downs","New Zealand",2
"Hoschton","United States",2
"Hovsta","Sweden",2
"Hrdějovice","Czechia",2
"Huddersfield","United Kingdom",2
"Hughesville","United States",2
"Huittinen","Finland",2
"Hundorp","Norway",2
"Hunterview","Australia",2
"Hunts Point","United States",2
"Huvudsta","Sweden",2
"Hyde Park","United States",2
"Hythe","United Kingdom",2
"Hägernäs","Sweden",2
"IJpecolsga","Netherlands",2
"Ica","Peru",2
"Ii","Finland",2
"Iida City","Japan",2
"Ijamsville","United States",2
"Iklin (Malta)","Malta",2
"Ince-in-Makerfield","United Kingdom",2
"Indian Lake","United States",2
"Ingarö","Sweden",2
"Ingersoll","Canada",2
"Ingleby Barwick","United Kingdom",2
"Inlet Beach","United States",2
"Innsbruck","Austria",2
"Inver Grove Heights","United States",2
"Inverkeithing","United Kingdom",2
"Inverness","United States",2
"Ioannina","Greece",2
"Irvine","United Kingdom",2
"Ishpeming","United States",2
"Ivano-Frankivska miska hromada","Ukraine",2
"Iztapalapa","Mexico",2
"Izumrudnivska silska rada","Ukraine",2
"Jardia","Portugal",2
"Jenks","United States",2
"Jersey City","United States",2
"Jesenice","Slovenia",2
"Jesús María","Peru",2
"Johnson City","United States",2
"Johnston","Australia",2
"Jokkmokk","Sweden",2
"Joliet","United States",2
"Joyce Green","United Kingdom",2
"Jyväskylä","Finland",2
"Kaitaia","New Zealand",2
"Kalajoki","Finland",2
"Kalamunda","Australia",2
"Kaliningrad","Russia",2
"Kalininskiy","Russia",2
"Kandalaksha","Russia",2
"Kansk","Russia",2
"Kapaa","United States",2
"Karlsruhe","Germany",2
"Karuizawa Town","Japan",2
"Kaunas","Lithuania",2
"Kazincbarcika","Hungary",2
"Kealakekua","United States",2
"Kearns","Australia",2
"Keila","Estonia",2
"Keilor Downs","Australia",2
"Keko","Tanzania",2
"Kelang","Malaysia",2
"Kells","Ireland",2
"Kelly Plantation","United States",2
"Kellyville Ridge","Australia",2
"Kelso","Australia",2
"Kenmore","Australia",2
"Kennett Square","United States",2
"Kenora","Canada",2
"Kerava","Finland",2
"Kerch","Ukraine",2
"Khaniá","Greece",2
"Khanty-Mansiysk","Russia",2
"Kharkiv","Ukraine",2
"Kholmsk","Russia",2
"Khustska miska hromada","Ukraine",2
"Kiel","United States",2
"Kihei","United States",2
"Kikinda","Serbia",2
"Kikuyu","Tanzania",2
"Kill Devil Hills","United States",2
"Killingworth","United Kingdom",2
"Kings Beach","Australia",2
"Kings Beach","United States",2
"Kings Langley","Australia",2
"Kings Meadows","United Kingdom",2
"Kings Mountain","United States",2
"Kingswood","Australia",2
"Kirkintilloch","United Kingdom",2
"Kirkleatham","United Kingdom",2
"Kiselyovsk","Russia",2
"Kista","Sweden",2
"Klagshamn","Sweden",2
"Klamath Falls","United States",2
"Kleppestø","Norway",2
"Kobe","Japan",2
"Kohler","United States",2
"Kohtla-Järve","Estonia",2
"Kokomo","United States",2
"Kongens Lyngby","Denmark",2
"Kongsvinger","Norway",2
"Koper","Slovenia",2
"Koprivnica","Croatia",2
"Kostrzyń","Poland",2
"Kouvola","Finland",2
"Kozina","Slovenia",2
"Kristiansand","Norway",2
"Kristiansund","Norway",2
"Kropswolde","Netherlands",2
"Krosno","Poland",2
"Kulikovo","Russia",2
"Kumeu","New Zealand",2
"Kurikka","Finland",2
"Kyrenia","Cyprus",2
"La Maxe","France",2
"La Pêche","Canada",2
"LaGrange","United States",2
"Labrador","Australia",2
"Laddonia","United States",2
"Ladysmith","United States",2
"Lage Mierde","Netherlands",2
"Lagos","Portugal",2
"Lake Geneva","United States",2
"Lake Haven","Australia",2
"Lake Oswego","United States",2
"Lake Ozark","United States",2
"Lake Point","United States",2
"Lake Villa","United States",2
"Lakehurst","United States",2
"Lakes of Mount Dora","United States",2
"Lakeshore","Canada",2
"Lakeview North","United States",2
"Lancaster","United Kingdom",2
"Langenhagen","Germany",2
"Langworthy","United Kingdom",2
"Lannon","United States",2
"Lansing Township","United States",2
"Lantana","United States",2
"Larkhall","United Kingdom",2
"Larvik","Norway",2
"Lasarte","Spain",2
"Latham","United States",2
"Latrobe","Australia",2
"Lauria","Italy",2
"Laurinburg","United States",2
"Lausanne","Switzerland",2
"Lavradio","Portugal",2
"Le Boulou","France",2
"Leamington","New Zealand",2
"Ledgeview","United States",2
"Leek Wootton","United Kingdom",2
"Leende","Netherlands",2
"Leesville","United States",2
"Leichhardt","Australia",2
"Lena","Norway",2
"Lennox Head","Australia",2
"Leoben","Austria",2
"Leongatha","Australia",2
"Leppington","Australia",2
"Lesménils","France",2
"Letterkenny","Ireland",2
"Leumeah","Australia",2
"Lexington Park","United States",2
"Lezo","Spain",2
"Lighthouse Point","United States",2
"Lilburn","United States",2
"Lilla Ursvik","Sweden",2
"Limhamn","Sweden",2
"Lincoln","New Zealand",2
"Lindesberg","Sweden",2
"Lindisfarne","Australia",2
"Lingelstown","United States",2
"Linglestown","United States",2
"Lino Lakes","United States",2
"Linwood","United Kingdom",2
"Lisbon","Portugal",2
"Lisburn","United Kingdom",2
"Ljungsbro","Sweden",2
"Llandilo","Australia",2
"Lo Barnechea","Chile",2
"Lochend","United Kingdom",2
"Loma Vista","United States",2
"Londonderry","United Kingdom",2
"Londontowne","United States",2
"Long Sault","Canada",2
"Longbridge","United Kingdom",2
"Lorain","United States",2
"Los Alamos","United States",2
"Los Olivos","Peru",2
"Lower Makefield","United States",2
"Lowestoft","United Kingdom",2
"Lublin","Poland",2
"Lucé","France",2
"Ludza","Latvia",2
"Lusby","United States",2
"Lužice","Czechia",2
"Lymm","United Kingdom",2
"Lyneham","Australia",2
"Lárisa","Greece",2
"L’Annonciation","Canada",2
"Maasland","Netherlands",2
"Macgregor","Australia",2
"Macksville","Australia",2
"Maddingley","Australia",2
"Madeley","Australia",2
"Madras","United States",2
"Magadan","Russia",2
"Magheraboy","Ireland",2
"Magnolia","United States",2
"Magog","Canada",2
"Maidstone","United Kingdom",2
"Mainz","Germany",2
"Maize","United States",2
"Maldonado","Uruguay",2
"Malvik","Norway",2
"Manchester","United Kingdom",2
"Manly","Australia",2
"Manor Park","United Kingdom",2
"Mansfield","Australia",2
"Mansions at Canyon Creek","United States",2
"Margina","Romania",2
"Maribo","Denmark",2
"Maribor","Slovenia",2
"Markham Moor","United Kingdom",2
"Marmion","Australia",2
"Marshes Upper","Ireland",2
"Mascouche","Canada",2
"Massa e Cozzile","Italy",2
"Matamata","New Zealand",2
"Mattawan","United States",2
"Maumelle","United States",2
"Mays Chapel","United States",2
"Medicine Hat","Canada",2
"Medina","United States",2
"Mediterranea","United States",2
"Meeuwen","Netherlands",2
"Meiringen","Switzerland",2
"Mellbystrand","Sweden",2
"Melrose","United States",2
"Meridian Crossing","United States",2
"Meridian Township","United States",2
"Mernda","Australia",2
"Merrillville","United States",2
"Merrimack","United States",2
"Merrylands","Australia",2
"Merrylands West","Australia",2
"Mesa Grande","United States",2
"Metkovi","Croatia",2
"Mexico Gravel","United States",2
"Mezhdurechensk","Russia",2
"Middle Sackville","Canada",2
"Middlebury","United States",2
"Middleton Beach","Australia",2
"Middleton Grange","Australia",2
"Midtown","United States",2
"Midway Point","Australia",2
"Mikołów","Poland",2
"Miles City","United States",2
"Mill Park","Australia",2
"Millars Well","Australia",2
"Millbury","United States",2
"Millenia","United States",2
"Millington","United States",2
"Milngavie","United Kingdom",2
"Mina de Água","Portugal",2
"Mindarie","Australia",2
"Miners Rest","Australia",2
"Minsk","Belarus",2
"Mint Hill","United States",2
"Mira Mar","Australia",2
"Miramichi","Canada",2
"Mishawaka","United States",2
"Mission","United States",2
"Mitchell","Australia",2
"Mitchell Park","Australia",2
"Mixco","Guatemala",2
"Modbury Heights","Australia",2
"Mogyoród","Hungary",2
"Molins de Rei","Spain",2
"Mona Vale","Australia",2
"Monasterevin","Ireland",2
"Montemor-o-Novo","Portugal",2
"Montgermont","France",2
"Montpelier","United States",2
"Moonah","Australia",2
"Moonee Beach","Australia",2
"Moore Park Beach","Australia",2
"Morgantown","United States",2
"Morningside","Australia",2
"Morpeth","United Kingdom",2
"Morrinsville","New Zealand",2
"Morristown","United States",2
"Morro Bay","United States",2
"Morrow","United States",2
"Moscavide","Portugal",2
"Moscow","Russia",2
"Moscow","United States",2
"Mosonmagyaróvár","Hungary",2
"Mosta (Malta)","Malta",2
"Mount Annan","Australia",2
"Mullaloo","Australia",2
"Mulvane","United States",2
"Munich","Germany",2
"Murdeira","Cape Verde",2
"Muscatine","United States",2
"Muskego","United States",2
"Mustamäe","Estonia",2
"Myski","Russia",2
"Naantali","Finland",2
"Nagycenk","Hungary",2
"Nahariya","Israel",2
"Nalchik","Russia",2
"Nambucca Heads","Australia",2
"Napoleon","United States",2
"Nar Nar Goon","Australia",2
"Naracoorte","Australia",2
"Narooma","Australia",2
"Narrabeen","Australia",2
"Narrabri","Australia",2
"Narre Warren","Australia",2
"Nashua","United States",2
"Natick","United States",2
"Nellis AFB","United States",2
"Nes Ziona","Israel",2
"Netanya","Israel",2
"Neufahrn bei Freising","Germany",2
"Neusiedl am See","Austria",2
"New Castle","United States",2
"New Norfolk","Australia",2
"New Palestine","United States",2
"New Rackheath","United Kingdom",2
"New Tampa","United States",2
"New Waverly","United States",2
"Newbridge","United Kingdom",2
"Newburyport","United States",2
"Newcomb","Australia",2
"Newhaven","Australia",2
"Newmarket","Canada",2
"Newry","United Kingdom",2
"Newton","Australia",2
"Newton Aycliffe","United Kingdom",2
"Newtownards","United Kingdom",2
"Niagara Falls","Canada",2
"Niagara Falls","United States",2
"Niagara-on-the-Lake","Canada",2
"Nicollet","United States",2
"Nieuwleusen","Netherlands",2
"Nightcliff","Australia",2
"Ningi","Australia",2
"Niskayuna","United States",2
"Nisqually","United States",2
"Nixa","United States",2
"Noarlunga Downs","Australia",2
"Norrby","Sweden",2
"North","United States",2
"North Auburn","United States",2
"North Augusta","United States",2
"North Batemans Bay","Australia",2
"North Branch","United States",2
"North Cape May","United States",2
"North Haven","Australia",2
"North Highlands","United States",2
"North Ipswich","Australia",2
"North Las Vegas","United States",2
"North Leeds","United Kingdom",2
"North Providence","United States",2
"North Richland Hills","United States",2
"North Shore","United States",2
"North Strabane Township","United States",2
"North Tamworth","Australia",2
"North Vernon","United States",2
"Northallerton","United Kingdom",2
"Northam","Australia",2
"Northfield","United States",2
"Northwest Warren","United States",2
"Nowra Hill","Australia",2
"Nuuk (Godthab)","Greenland",2
"Oak Harbor","United States",2
"Oak Run","United States",2
"Ocean Grove","Australia",2
"Ocean Isle Beach","United States",2
"Oconto","United States",2
"Ohauiti","New Zealand",2
"Ohinewai","New Zealand",2
"Old Hawthorne","United States",2
"Old Mill Creek","United States",2
"Oldham","United Kingdom",2
"Oley Township","United States",2
"Olivais","Portugal",2
"Olsztyn","Poland",2
"Olympia Heights","United States",2
"Ooltewah","United States",2
"Opotiki","New Zealand",2
"Ormiston","Australia",2
"Ormond Beach","United States",2
"Orono","United States",2
"Osage Beach","United States",2
"Ostrava","Czechia",2
"Oteha","New Zealand",2
"Ottawa Lake","United States",2
"Ourimbah","Australia",2
"Oyster Bay","Australia",2
"Pacé","France",2
"Padborg","Denmark",2
"Pahrump","United States",2
"Painesville","United States",2
"Palanga","Lithuania",2
"Palm City","United States",2
"Palmer Heights","United States",2
"Palmyra","United States",2
"Paola (Malta)","Malta",2
"Paq'tnkek","Canada",2
"Parachute","United States",2
"Paradise","Canada",2
"Paradise Point","Australia",2
"Paradise Valley","United States",2
"Pardes Hanna-Karkur","Israel",2
"Pardesiya","Israel",2
"Pardubice","Czechia",2
"Park Ridge","Australia",2
"Park Wood","United Kingdom",2
"Parkano","Finland",2
"Parkton","United States",2
"Parma","United States",2
"Parole","United States",2
"Parramatta Park","Australia",2
"Parrish","United States",2
"Pashkovskiy","Russia",2
"Paso Robles","United States",2
"Patcham","United Kingdom",2
"Patchogue","United States",2
"Patchway","United Kingdom",2
"Patterson Lakes","Australia",2
"Pavlovsk","Russia",2
"Pearl City","United States",2
"Pearson","United States",2
"Pedregal","Panama",2
"Pekan Muara","Brunei",2
"Pembroke","United States",2
"Pembroke Dock","United Kingdom",2
"Penfield","Australia",2
"Penticton","Canada",2
"Peregian Beach","Australia",2
"Petrie","Australia",2
"Petropavlovsk-Kamchatskiy","Russia",2
"Philadelphia","United States",2
"Piara Waters","Australia",2
"Picton","New Zealand",2
"Piešťany","Slovakia",2
"Pilot Mountain","United States",2
"Pine Knoll","United States",2
"Pinecrest","United States",2
"Pinehurst","United States",2
"Pineville","United States",2
"Piran","Slovenia",2
"Pirkkala","Finland",2
"Piteşti","Romania",2
"Pittsfield Township","United States",2
"Plainland","Australia",2
"Platt Bridge","United Kingdom",2
"Platteville","United States",2
"Playa Vista","United States",2
"Pleasant Grove","United States",2
"Pleasant Hill","United States",2
"Pleasant Valley","United States",2
"Pocatello","United States",2
"Podgorica (Montenegro)","Montenegro",2
"Podravska Slatina","Croatia",2
"Poeldijk","Netherlands",2
"Pollok","United Kingdom",2
"Pompey","France",2
"Ponteland","United Kingdom",2
"Poprad","Slovakia",2
"Port Glasgow","United Kingdom",2
"Port Moresby","Papua New Guinea",2
"Port Noarlunga","Australia",2
"Port Saint Lucie","United States",2
"Port Vincent","United States",2
"Porterville","United States",2
"Portimão","Portugal",2
"Portland","Australia",2
"Pound","United States",2
"Pound Hill North","United Kingdom",2
"Požega","Croatia",2
"Praia da Vitória","Portugal",2
"Prairieville","United States",2
"Prince George","United States",2
"Princes Hill","Australia",2
"Proserpine","Australia",2
"Providence","United States",2
"Provincetown","United States",2
"Prévost","Canada",2
"Pudahuel","Chile",2
"Puketaha","New Zealand",2
"Pullman","United States",2
"Puslinch","Canada",2
"Putaruru","New Zealand",2
"Puławy","Poland",2
"Qormi (Malta)","Malta",2
"Quakers Hill","Australia",2
"Qualicum Beach","Canada",2
"Quarrata","Italy",2
"Quartu Sant’Elena","Italy",2
"Queens Park","Australia",2
"Queensbury","United States",2
"Radom","Poland",2
"Radzymin","Poland",2
"Raglan","New Zealand",2
"Rainford","United Kingdom",2
"Rajka","Hungary",2
"Ramlösa","Sweden",2
"Ramstein Air Base","Germany",2
"Rapid Creek","Australia",2
"Raseborg","Finland",2
"Raufoss","Norway",2
"Rauma","Finland",2
"Rectory Farm","United Kingdom",2
"Red Beach","New Zealand",2
"Red Oak","United States",2
"Red Wing","United States",2
"Redan","Australia",2
"Redhill East","United Kingdom",2
"Redlynch","Australia",2
"Reedley","United States",2
"Reidsville","United States",2
"Reigate Central","United Kingdom",2
"Rennes","France",2
"Renton","United States",2
"Repentigny","Canada",2
"Republic","United States",2
"Reservoir","Australia",2
"Revelstoke","Canada",2
"Rhodes","Greece",2
"Rhoose","United Kingdom",2
"Riaz","Switzerland",2
"Ribbleton","United Kingdom",2
"Richlands","Australia",2
"Ridge","United States",2
"Rifle","United States",2
"Riihimäki","Finland",2
"Rincon","United States",2
"Rio Gallegos","Argentina",2
"Rissne","Sweden",2
"Ritchie","United States",2
"Riverpark","United States",2
"Riviera Beach","United States",2
"Road Town","British Virgin Islands",2
"Robinwood","United States",2
"Roca","United States",2
"Rocha","Uruguay",2
"Rockbank","Australia",2
"Rockneby","Sweden",2
"Rockville","United States",2
"Rocky Mount","United States",2
"Rokeby","Australia",2
"Rolling Prairie","United States",2
"Rose Hill","United States",2
"Rosedale","United States",2
"Rosemeadow","Australia",2
"Rosemount","United States",2
"Rosny Park","Australia",2
"Rossford","United States",2
"Rossville","United States",2
"Rotherham","United Kingdom",2
"Rothwell","Australia",2
"Rotterdam Havens","Netherlands",2
"Roy","United States",2
"Royalla","Australia",2
"Rožňava","Slovakia",2
"Ruffs Dale","United States",2
"Runaway Bay","Australia",2
"Rural View","Australia",2
"Ryde","Australia",2
"Rydebäck","Sweden",2
"Ryhope","United Kingdom",2
"Rzeszów","Poland",2
"Saegertown","United States",2
"Safety Bay","Australia",2
"Saida Wastani","Lebanon",2
"Saint Austell","United Kingdom",2
"Saint Helena","Australia",2
"Saint-Anselme","Canada",2
"Saint-Charles","United States",2
"Saint-Charles-Borromée","Canada",2
"Saint-Grégoire","France",2
"Saint-Henri","Canada",2
"Saint-Pierre","France",2
"Sale","United Kingdom",2
"Salisbury North","Australia",2
"Saltangará (Faroe Islands)","Faroe Islands",2
"Saltcoats","United Kingdom",2
"San Carlos","Uruguay",2
"San Gwann (Malta)","Malta",2
"San Isidro","Spain",2
"San Luis","United States",2
"San Tan Valley","United States",2
"Sandalwood Estate","United States",2
"Sandgate","Australia",2
"Sandpoint","United States",2
"Sandstone Point","Australia",2
"Sandy Spring","United States",2
"Santa Cruz","United States",2
"Santa Ynez","United States",2
"Saratoga ","Australia",2
"Saratov","Russia",2
"Scawby","United Kingdom",2
"Schaumburg","United States",2
"Schererville","United States",2
"Schertz","United States",2
"Schofields","Australia",2
"Scott","United States",2
"Sea Pines","United States",2
"Seaside","United States",2
"Sebastopol","Australia",2
"Seclin","France",2
"Selah","United States",2
"Seneca","United States",2
"Seven Hills","Australia",2
"Seven Valleys","United States",2
"Seville","Australia",2
"Shadsworth Business Park","United Kingdom",2
"Shawinigan","Canada",2
"Sheboygan Falls","United States",2
"Shelby","United States",2
"Shenley Lodge","United Kingdom",2
"Sherfield on Loddon","United Kingdom",2
"Sheridan","United States",2
"Shirley","United States",2
"Shlomi","Israel",2
"Sidney","Canada",2
"Sidney","United States",2
"Sigtuna","Sweden",2
"Silver Spring","United States",2
"Silver Springs","United States",2
"Silverdale","United States",2
"Sincan","Turkey",2
"Singleton","Australia",2
"Sinn El Fil","Lebanon",2
"Sinnamon Park","Australia",2
"Sippy Downs","Australia",2
"Sisseton","United States",2
"Sitka","United States",2
"Skennars Head","Australia",2
"Skibby","Denmark",2
"Skånes-Fagerhult","Sweden",2
"Slavonski Brod","Croatia",2
"Smedby","Sweden",2
"Smithfield","United States",2
"Snohomish","United States",2
"Snoqualmie","United States",2
"Social Circle","United States",2
"Sodankylä","Finland",2
"Soldotna","United States",2
"Solymár","Hungary",2
"Somers","United States",2
"Somerset","United States",2
"Sopron","Hungary",2
"South Bank","United States",2
"South Gladstone","Australia",2
"South Grafton","Australia",2
"South Grove","United States",2
"South Lismore","Australia",2
"South Nowra","Australia",2
"South Queensferry","United Kingdom",2
"South Riding","United States",2
"South Saint Paul","United States",2
"Southampton","United States",2
"Southern Pacific/Richards","United States",2
"Southport","Australia",2
"Southside Central","United Kingdom",2
"Spallumcheen","Canada",2
"Spanish Springs","United States",2
"Sparta","United States",2
"Spezzano Albanese","Italy",2
"Spring Creek","United States",2
"Spring Mountain","Australia",2
"Springfield","United Kingdom",2
"Springville","United States",2
"St Arnaud","Australia",2
"St Clair","Australia",2
"St Francis","United States",2
"St Georges Basin","Australia",2
"St Helens Park","Australia",2
"St James","United States",2
"St John's","Canada",2
"St Lucia","Australia",2
"St Peter","United States",2
"St-Bruno-de-Montarville","Canada",2
"St. Asaph","United Kingdom",2
"St. Simons","United States",2
"St. Simons Island","United States",2
"Stadskanaal","Netherlands",2
"Staffanstorp","Sweden",2
"Stafford Heights","Australia",2
"Stafford Springs","United States",2
"Stamford","United States",2
"Standish","United States",2
"Stara Zagora","Bulgaria",2
"Staunton","United States",2
"Stavropol","Russia",2
"Steensel","Netherlands",2
"Sterling Heights","United States",2
"Stone Meadows","United States",2
"Stone Mountain","United States",2
"Stonecrest","United States",2
"Stony Rise","Australia",2
"Stony Stratford","United Kingdom",2
"Stratford","Australia",2
"Strathfield","Australia",2
"Stratton","Australia",2
"Straume","Norway",2
"Stuvsta","Sweden",2
"Stäket","Sweden",2
"Subotica","Serbia",2
"Suisun City","United States",2
"Sumter","United States",2
"Sunnybank Hills","Australia",2
"Surf Beach","Australia",2
"Surf City","United States",2
"Svetlograd","Russia",2
"Swalwell","United Kingdom",2
"Swanton","United States",2
"Swanzey","United States",2
"Swartz Creek","United States",2
"Swinomish Tribal Community","United States",2
"Sydney","Canada",2
"Szeleste","Hungary",2
"Szentgotthárd","Hungary",2
"Szolnok","Hungary",2
"São Domingos de Benfica","Portugal",2
"São Domingos de Rana","Portugal",2
"Sæby","Denmark",2
"Tahoe City","United States",2
"Tallinn","Estonia",2
"Tallmadge","United States",2
"Tamahere","New Zealand",2
"Tamarac","United States",2
"Tamarack Resort","United States",2
"Tarnowo Podgórne","Poland",2
"Tarpon Springs Historic District","United States",2
"Tattenhoe","United Kingdom",2
"Taupo","New Zealand",2
"Taylors Lakes","Australia",2
"Tbilisi","Georgia",2
"Team Valley Trading Estate","United Kingdom",2
"Telluride","United States",2
"Temecula","United States",2
"Tempe","United States",2
"Temple","United States",2
"Temple Hills","United States",2
"Templeton","United States",2
"Terrey Hills","Australia",2
"Terrigal","Australia",2
"Texarkana","United States",2
"Thalwil","Switzerland",2
"Thames","New Zealand",2
"Thatcher","United States",2
"The Bridge","United Kingdom",2
"The Brooks","United States",2
"The Colonies","United States",2
"The Entrance","Australia",2
"The Legends","United States",2
"The Legends at Sparks Marina","United States",2
"The Range","Australia",2
"Thierville-sur-Meuse","France",2
"Thorburn","Canada",2
"Throckley","United Kingdom",2
"Thunder Bay","Canada",2
"Tierp","Sweden",2
"Tigard","United States",2
"Timişoara","Romania",2
"Tocumwal","Australia",2
"Tomball","United States",2
"Torbay","New Zealand",2
"Trafaria","Portugal",2
"Trego","United States",2
"Trenton","Canada",2
"Trieste","Italy",2
"Trinity","United States",2
"Trinity Park","Australia",2
"Trophy Club","United States",2
"Truro","United Kingdom",2
"Trysil","Norway",2
"Trångsund","Sweden",2
"Tsawwassen","Canada",2
"Tuam","Ireland",2
"Turangi","New Zealand",2
"Turda","Romania",2
"Turners Beach","Australia",2
"Turtle Lake","United States",2
"Tusayan","United States",2
"Tweedbank","United Kingdom",2
"Two Mile Ash","United Kingdom",2
"Tynset","Norway",2
"Tyumen","Russia",2
"Tábor","Czechia",2
"Uddel","Netherlands",2
"Uddevalla","Sweden",2
"Uddingston","United Kingdom",2
"Uleta","United States",2
"Umag","Croatia",2
"Union Township","United States",2
"Unionville","United States",2
"Unity Township","United States",2
"Unsworth Heights","New Zealand",2
"Upper Clover Basin","United States",2
"Upplands Väsby","Sweden",2
"Urdax","Spain",2
"Urraween","Australia",2
"Urrbrae","Australia",2
"Ust’-Labinsk","Russia",2
"Vaals","Netherlands",2
"Vadnais Heights","United States",2
"Vado","United States",2
"Vadum","Denmark",2
"Val-de-Cães","Brazil",2
"Valhalla","United States",2
"Valla","Australia",2
"Valley Park","United States",2
"Vankiva","Sweden",2
"Varaždin","Croatia",2
"Varina","United States",2
"Vendelsö","Sweden",2
"Ventspils","Latvia",2
"Veronella","Italy",2
"Viborg","Denmark",2
"Victor Harbor","Australia",2
"Victoria","United States",2
"Vierpolders","Netherlands",2
"Vig","Denmark",2
"Vik","Norway",2
"Viladecans","Spain",2
"Villach","Austria",2
"Village Park","United States",2
"Viviers-du-Lac","France",2
"Vladikavkaz","Russia",2
"Voglans","France",2
"Vries","Netherlands",2
"Vuren","Netherlands",2
"Vällingby","Sweden",2
"Waardenburg","Netherlands",2
"Wacol","Australia",2
"Wahroonga","Australia",2
"Waikiki","Australia",2
"Waipukurau","New Zealand",2
"Wakefield","United Kingdom",2
"Wales","United States",2
"Walker","United States",2
"Wamberal","Australia",2
"Warana","Australia",2
"Warner Robins","United States",2
"Warragul","Australia",2
"Wasaga Beach","Canada",2
"Watanobbi","Australia",2
"Water Ridge","United States",2
"Waterford","United States",2
"Waterloo","United States",2
"Waterview at Enchanted Bay","United States",2
"Watervliet","United States",2
"Watson","Australia",2
"Waunakee","United States",2
"Wausau","United States",2
"Wałbrzych","Poland",2
"Weatherford","United States",2
"Webb City","United States",2
"Welten","Netherlands",2
"Wesley Vale","Australia",2
"Wesoła","Poland",2
"West Baraboo","United States",2
"West Bolton","United Kingdom",2
"West Bridgford","United Kingdom",2
"West Chicago","United States",2
"West Gladstone","Australia",2
"West Hollywood","United States",2
"West Jefferson","United States",2
"West Lincoln","Canada",2
"West Moor","United Kingdom",2
"West Perrine","United States",2
"West Point","United States",2
"West Springfield","United States",2
"West Tamworth","Australia",2
"Westerville","United States",2
"Westford","United States",2
"Westminster","Australia",2
"Westport","United States",2
"Westwood","United States",2
"Weymouth","United States",2
"Whisper Creek","United States",2
"Whitby","Canada",2
"White Center","United States",2
"White River Junction","United States",2
"Whitehouse","United States",2
"Whitehouse Industrial Estate","United Kingdom",2
"Whiteoak","United States",2
"Whittlesford","United Kingdom",2
"Whyalla","Australia",2
"Willaston","Australia",2
"Willetton","Australia",2
"Williamstown","United States",2
"Wilson","United States",2
"Windaroo","Australia",2
"Windham","United States",2
"Windsor Mill","United States",2
"Wingate","United States",2
"Winter Garden Village-Fowler Groves","United States",2
"Woodlake","United States",2
"Woodstock","Canada",2
"Woodvale","Australia",2
"Woolner","Australia",2
"Woombye","Australia",2
"Woonona","Australia",2
"Workington","United Kingdom",2
"Worsley","United Kingdom",2
"Wortley","United Kingdom",2
"Wrocław","Poland",2
"Wyoming","Australia",2
"Wyongah","Australia",2
"Yorktown","United States",2
"Yucaipa","United States",2
"Zabaykal’sk","Russia",2
"Zagreb","Croatia",2
"Zalaegerszeg","Hungary",2
"Zamárdi","Hungary",2
"Zenica","Bosnia and Herzegovina",2
"Zgierz","Poland",2
"Zgorzelec","Poland",2
"Zielonka","Poland",2
"Zuccoli","Australia",2
"Zumbrota","United States",2
"Zwammerdam","Netherlands",2
"Áno Liósia","Greece",2
"Älta","Sweden",2
"Åhus","Sweden",2
"Éibar","Spain",2
"Öjerjsö","Sweden",2
"Ústí nad Labem","Czechia",2
"Łódź","Poland",2
"Łęgowo","Poland",2
"Świdnica","Poland",2
"Ştefăneştii de Jos","Romania",2
"Šentilj v Slovenskih goricah","Slovenia",2
"Žilina","Slovakia",2
"Τριμίθι","Cyprus",2
"عين البنيان","Algeria",2
"(Unincorporated)","United States",1
"(unincorporated)","United Kingdom",1
"(unincorporated) (Faroe Islands)","Faroe Islands",1
"(unincorproated)","United States",1
"(unknown)","Cape Verde",1
"(unknown)","Ukraine",1
"Aachen","Germany",1
"Abbey","Australia",1
"Abbott Loop","United States",1
"Abbottstown","United States",1
"Abidjan","Côte d’Ivoire",1
"Abita Springs","United States",1
"Acapulco","Mexico",1
"Accokeek","United States",1
"Acton Park","Australia",1
"Acworth-Kennesaw","United States",1
"Adams","United States",1
"Adamstown","Australia",1
"Adamstown","United States",1
"Addison","United States",1
"Adlington","United Kingdom",1
"Advance","United States",1
"Afton","United States",1
"Agawam","United States",1
"Aglionby","United Kingdom",1
"Agnes Water","Australia",1
"Ainslie","Australia",1
"Aitkenvale","Australia",1
"Aitkin","United States",1
"Ak-Chin Village","United States",1
"Alberton","Canada",1
"Albisola Superiore","Italy",1
"Alcalá de los Gazules","Spain",1
"Alcoa","United States",1
"Alderbrook","United States",1
"Alderney","United Kingdom",1
"Aldgate","Australia",1
"Alexander City","United States",1
"Alexander Heights","Australia",1
"Alflen","Germany",1
"Alfredton","Australia",1
"Allesley","United Kingdom",1
"Alliance","United States",1
"Allwood","United States",1
"Almaty","Kazakhstan",1
"Almind","Denmark",1
"Almondsbury","United Kingdom",1
"Alnwick","United Kingdom",1
"Aloha","United States",1
"Alpha","United States",1
"Alstonville","Australia",1
"Alta Vista","United States",1
"Altamont","United States",1
"Alton","United States",1
"Altona Meadows","Australia",1
"Altrich","Germany",1
"Amarapura","Myanmar",1
"Amaro","Italy",1
"Amble","United Kingdom",1
"Americus","United States",1
"Amerige Heights","United States",1
"Amilly","France",1
"Amity","United States",1
"Amstelveen","Netherlands",1
"Amsterdam","United States",1
"Amursk","Russia",1
"Anderlecht","Belgium",1
"Andrews Farm","Australia",1
"Ange-Gardien","Canada",1
"Angle Vale","Australia",1
"Angola","United States",1
"Anna Bay","Australia",1
"Annan","United Kingdom",1
"Annandale","United States",1
"Annapolis Junction","United States",1
"Antakalnis","Lithuania",1
"Antipolo","Philippines",1
"Anton","United States",1
"Ao Fu Shi","Iceland",1
"Apache Junction","United States",1
"Apalachicola","United States",1
"Ape","Latvia",1
"Apple River","United States",1
"Applewood","United States",1
"Aptos","United States",1
"Ar Lan yr Afon","United Kingdom",1
"Arad","Romania",1
"Ararat","Australia",1
"Arbroath","United Kingdom",1
"Arcole","Italy",1
"Arcos Vallarta","Mexico",1
"Arenzano","Italy",1
"Arica","Chile",1
"Arkansas City","United States",1
"Arlöv","Sweden",1
"Armdale","Canada",1
"Armstrong Beach","Australia",1
"Arnold","United States",1
"Arnoldstein","Austria",1
"Arrawarra","Australia",1
"Arrentela","Portugal",1
"Artarmon","Australia",1
"Artesia","United States",1
"Artëm","Russia",1
"Arundel","Australia",1
"Arvika","Sweden",1
"Ashbourne","Ireland",1
"Ashbrow","United Kingdom",1
"Asheboro","United States",1
"Ashfield","Australia",1
"Ashhurst","New Zealand",1
"Ashton","United States",1
"Ashton-under-Lyne","United Kingdom",1
"Asmundtorp","Sweden",1
"Aspen","United States",1
"Astana","Kazakhstan",1
"Aston Township","United States",1
"Astoria","United States",1
"Astrakhan","Russia",1
"Athelstone","Australia",1
"Atherton","Australia",1
"Atoka","United States",1
"Atton","France",1
"Attwood","Australia",1
"Atwater","United States",1
"Auchengate","United Kingdom",1
"Auchinleck","United Kingdom",1
"Auckland ","New Zealand",1
"Augustine Heights","Australia",1
"Auraria","United States",1
"Avalon","United States",1
"Avanhard","Ukraine",1
"Ave Maria","United States",1
"Avila Beach","United States",1
"Avoca","Australia",1
"Avoca Beach","Australia",1
"Avon Park","United States",1
"Avondale","United States",1
"Avondale Estates","United States",1
"Avonport","Canada",1
"Aycliffe","United Kingdom",1
"Ayden","United States",1
"Ayer","United States",1
"Ayutthaya","Thailand",1
"Azalea Park","United States",1
"Baabda","Lebanon",1
"Babót","Hungary",1
"Backford","United Kingdom",1
"Backworth","United Kingdom",1
"Bad Reichenhall","Germany",1
"Badalona","Spain",1
"Badgerys Creek","Australia",1
"Badhoevedorp","Netherlands",1
"Bagheria","Italy",1
"Bahrs Scrub","Australia",1
"Baia Mare","Romania",1
"Bailleston","United Kingdom",1
"Bainbridge","United States",1
"Baker/Zachary Area","United States",1
"Bakers Creek","Australia",1
"Bakewell","Australia",1
"Baku","Azerbaijan",1
"Balaklava","Australia",1
"Balashikha","Russia",1
"Balatonakarattya","Hungary",1
"Balatonfrkajár","Hungary",1
"Balatonszemes","Hungary",1
"Balcatta","Australia",1
"Balch Springs","United States",1
"Baldwin","United States",1
"Baldwin Park","United States",1
"Balgownie","Australia",1
"Ballarat","Australia",1
"Ballarat Central","Australia",1
"Ballarat East","Australia",1
"Ballston Lake","United States",1
"Ballyard","Ireland",1
"Ballycarroll","Ireland",1
"Ballyshannon","Ireland",1
"Ballywaltrin","Ireland",1
"Balwyn","Australia",1
"Balzac","Canada",1
"Balzers","Liechtenstein",1
"Bamber Bridge","United Kingdom",1
"Banbridge","United Kingdom",1
"Bandar Seri Begawan","Brunei",1
"Bandiana","Australia",1
"Bangalow","Australia",1
"Bani Makadah","Morocco",1
"Banjarmasin Utara","Indonesia",1
"Banjup","Australia",1
"Banks","Australia",1
"Banksia Park","Australia",1
"Bankstown","Australia",1
"Banyo","Australia",1
"Barcs","Hungary",1
"Bardstown","United States",1
"Bargara ","Australia",1
"Baring Cross","United States",1
"Barksdale","United States",1
"Barmera","Australia",1
"Barnawartha","Australia",1
"Barney Point","Australia",1
"Barnhart","United States",1
"Barnsley","Australia",1
"Barrack Heights","Australia",1
"Barrackpur-II","India",1
"Barre","United States",1
"Barros Blancos","Uruguay",1
"Bartlesville","United States",1
"Baryshevskiy","Russia",1
"Bassendean","Australia",1
"Bastelicaccia","France",1
"Bat Yam","Israel",1
"Batam Kota","Indonesia",1
"Batavia","United States",1
"Batchelor","Australia",1
"Batehaven","Australia",1
"Battery Hill","Australia",1
"Battleboro","United States",1
"Battlefield","United Kingdom",1
"Batumi (Georgia)","Georgia",1
"Baulkham Hills","Australia",1
"Bay Shore","United States",1
"Bay View","United States",1
"Baynton","Australia",1
"Bayonne","United States",1
"Baypoint","United States",1
"Baytown","United States",1
"Bayview Heights","Australia",1
"Bačka Topola","Serbia",1
"Beach Park","United States",1
"Beachmere","Australia",1
"Beachport","Australia",1
"Bealeton","United States",1
"Bear Mountain","United States",1
"Bearfield Plaza","United States",1
"Bearsden","United Kingdom",1
"Beaufort","Australia",1
"Beaufort","United States",1
"Beaumont","Australia",1
"Beaver Falls","United States",1
"Bebington","United Kingdom",1
"Beckly","United States",1
"Beechboro","Australia",1
"Beerwah","Australia",1
"Beian","China",1
"Beit Meri","Lebanon",1
"Belconnen","Australia",1
"Beldon","Australia",1
"Belfair","United States",1
"Belfast ","United Kingdom",1
"Belgorod","Russia",1
"Bell Bay","Australia",1
"Bella Vista","Australia",1
"Bella Vista","United States",1
"Bellamack","Australia",1
"Bellerive","Australia",1
"Belleville","Canada",1
"Bellevue","United Kingdom",1
"Bellshill Industrial Estate","United Kingdom",1
"Bellsquarry","United Kingdom",1
"Belmont North","Australia",1
"Belmont Shore","United States",1
"Belovo","Russia",1
"Belrose","Australia",1
"Beltsville","United States",1
"Benjamin Crossing","United States",1
"Benkovac","Croatia",1
"Bennett Springs","Australia",1
"Bensalem","United States",1
"Bentley","Australia",1
"Bentley","United Kingdom",1
"Bentleyville","United States",1
"Benton City","United States",1
"Berettyóúfalu","Hungary",1
"Berlin Township","United States",1
"Bermuda Run","United States",1
"Berri","Australia",1
"Berryton","United States",1
"Berryville","United States",1
"Berthierville","Canada",1
"Berwick","Australia",1
"Bethany Beach","United States",1
"Bethlehem","United States",1
"Bettendorf","United States",1
"Betton","France",1
"Bettystown","Ireland",1
"Beulah","United States",1
"Beuningen","Netherlands",1
"Beverly Hills","United States",1
"Bexley","Australia",1
"Bezirk Frankfurt","Germany",1
"Bhadurpura","India",1
"Bhubaneswar","India",1
"Bibra Lake","Australia",1
"Bickerstaffe","United Kingdom",1
"Biddeford","United States",1
"Bidwell","United States",1
"Bidwill","Australia",1
"Big Stone Gap","United States",1
"Bijeljina","Bosnia and Herzegovina",1
"Bilgola Beach","Australia",1
"Bilingurr","Australia",1
"Billdal","Sweden",1
"Biloela","Australia",1
"Binley Woods","United Kingdom",1
"Binningup ","Australia",1
"Birkirkara (Malta)","Malta",1
"Birmingham","United Kingdom",1
"Birmingham Gardens","Australia",1
"Birtinya","Australia",1
"Bisbee","United States",1
"Bishops Tawton","United Kingdom",1
"Bixby","United States",1
"Biysk","Russia",1
"Bjelovar","Croatia",1
"Björklinge","Sweden",1
"Blackheath","United Kingdom",1
"Blackhorse Ranch South","United States",1
"Blackmans Bay","Australia",1
"Blackrock (Ireland)","Ireland",1
"Blackwall","Australia",1
"Blackwood","Australia",1
"Blaine/Lino Lakes","United States",1
"Blair","United States",1
"Blairsville","United States",1
"Blaxland","Australia",1
"Blomkest","United States",1
"Blotzheim","France",1
"Blowick","United Kingdom",1
"Blue Grass-Pigeon","United States",1
"Blue Hill","United States",1
"Blue Lake","United States",1
"Blue Mountains","Canada",1
"Blue Springs","United States",1
"Bluff Point","Australia",1
"Bluffs","United States",1
"Blythewood","United States",1
"Bnei Dror","Israel",1
"Boardman Township","United States",1
"Bobruysk","Belarus",1
"Bogangar","Australia",1
"Bogganfin","Ireland",1
"Bogside","United Kingdom",1
"Bohle Plains","Australia",1
"Boischatel","Canada",1
"Boise City","United States",1
"Bollstanäs","Sweden",1
"Bolton","United Kingdom",1
"Bombala","Australia",1
"Bondi","Australia",1
"Bonn","Germany",1
"Bonnells Bay","Australia",1
"Bonnyrigg Heights","Australia",1
"Bonnyville No 87","Canada",1
"Bonymaen","United Kingdom",1
"Bonython","Australia",1
"Boolaroo","Australia",1
"Booragul","Australia",1
"Boothbay","United States",1
"Bordentown Township","United States",1
"Borger","United States",1
"Borj Hammoud","Lebanon",1
"Borne","Netherlands",1
"Borovlyanskiy sel'skiy sovet","Belarus",1
"Borrego Springs","United States",1
"Bosanski Šamac","Bosnia and Herzegovina",1
"Boston Spa","United Kingdom",1
"Bostwick","United States",1
"Botanica","United States",1
"Bothell","United States",1
"Bound Brook","United States",1
"Bountiful","United States",1
"Bow Bowing","Australia",1
"Bowling","United Kingdom",1
"Bowral","Australia",1
"Box Hill","Australia",1
"Boyds","United States",1
"Boyne Island","Australia",1
"Brabrand","Denmark",1
"Bracebridge","Canada",1
"Bracebridge Heath","United Kingdom",1
"Bracken Ridge","Australia",1
"Bradashesh","Albania",1
"Bradenton Beach","United States",1
"Bradley Mills","United Kingdom",1
"Bradley Stoke","United Kingdom",1
"Bradwell","United Kingdom",1
"Braeside","Australia",1
"Brahma Lodge","Australia",1
"Braintree Highlands","United States",1
"Brampton","United Kingdom",1
"Brandon","United States",1
"Brandywine","United States",1
"Braniewo","Poland",1
"Brant","Canada",1
"Branxton","Australia",1
"Brassall","Australia",1
"Brattleboro","United States",1
"Bray","Ireland",1
"Bray Park","Australia",1
"Brayton","United States",1
"Breaux Bridge","United States",1
"Brendale","Australia",1
"Brentsville","United States",1
"Brest","Belarus",1
"Brevard","United States",1
"Brewerytown","United States",1
"Briatico","Italy",1
"Bridal Falls","Canada",1
"Bridgetown","United Kingdom",1
"Bridgtown","United Kingdom",1
"Bridlewood","United States",1
"Bridport","Australia",1
"Brienz","Switzerland",1
"Brigantine","United States",1
"Brighouse","United Kingdom",1
"Brighton City","United States",1
"Brighton Heights","United States",1
"Brighton-Le-Sands","Australia",1
"Brightons","United Kingdom",1
"Brights Grove","Canada",1
"Brinkin","Australia",1
"Brisbane ","Australia",1
"Broadmeadow","Australia",1
"Broadmeadows","Australia",1
"Broadwood","Australia",1
"Brockport","United States",1
"Brockton","United States",1
"Bromborough","United Kingdom",1
"Brookshire","United States",1
"Brookwater","Australia",1
"Broomall","United States",1
"Broomhill","United Kingdom",1
"Brorup","Denmark",1
"Brotherton","United Kingdom",1
"Broughty Ferry","United Kingdom",1
"Brown Hill","Australia",1
"Browning","United States",1
"Brownsville","Australia",1
"Broxburn","United Kingdom",1
"Bruck an der Mur","Austria",1
"Bruckmühl","Germany",1
"Brunflo","Sweden",1
"Brunn am Gebirge","Austria",1
"Brunswick East","Australia",1
"Bryn Mawr","United States",1
"Brzeszcze","Poland",1
"Buarcos e São Julião","Portugal",1
"Buccan","Australia",1
"Buckshaw Village","United Kingdom",1
"Buda","United States",1
"Budbrooke","United Kingdom",1
"Buddina","Australia",1
"Budel","Netherlands",1
"Buena Park","United States",1
"Buena Vista","United States",1
"Buenos Aires","Argentina",1
"Bugojno","Bosnia and Herzegovina",1
"Buies Creek","United States",1
"Buinsk","Russia",1
"Buja","Italy",1
"Bujanovac","Serbia",1
"Buje","Croatia",1
"Bulahdelah","Australia",1
"Bulimba","Australia",1
"Bulli","Australia",1
"Bunbury","Australia",1
"Bundaberg","Australia",1
"Bundaberg North","Australia",1
"Bundaberg South","Australia",1
"Bundall","Australia",1
"Bungendore","Australia",1
"Buninyong","Australia",1
"Bunnell","United States",1
"Bunschoten-Spakenburg","Netherlands",1
"Burleigh Waters","Australia",1
"Burley in Wharfedale","United Kingdom",1
"Burlingame","United States",1
"Burlington","Canada",1
"Burnett Heads","Australia",1
"Burnside","United States",1
"Burrill Lake","Australia",1
"Burton Waters","United Kingdom",1
"Busby","Australia",1
"Business & Industrial Park Caesarea","Israel",1
"Butte","United States",1
"Buurmalsen","Netherlands",1
"Buzzards Bay","United States",1
"Bygland","Norway",1
"Béhobie","France",1
"Békéscsaba","Hungary",1
"Cabramatta West","Australia",1
"Cahernamart","Ireland",1
"Cajamarca","Peru",1
"Calabasas","United States",1
"Calais","United States",1
"Caldewgate","United Kingdom",1
"Caldicot","United Kingdom",1
"Caledon","Canada",1
"Calenzano","Italy",1
"Calera","United States",1
"Callaghan","Australia",1
"Callala Bay","Australia",1
"Calmar","Canada",1
"Caloundra West","Australia",1
"Calto","Italy",1
"Calzadilla de Los Barros","Spain",1
"Camanche","United States",1
"Cambridge","United Kingdom",1
"Camelon","United Kingdom",1
"Cameron","United States",1
"Camillus","United States",1
"Camino","United States",1
"Camp Pendleton South","United States",1
"Campbell River","Canada",1
"Campbelltown","United States",1
"Campinas","Brazil",1
"Campton Hills","United States",1
"Camrose County","Canada",1
"Canal Winchester","United States",1
"Cancún","Mexico",1
"Cankaya","Turkey",1
"Canley","United Kingdom",1
"Canley Heights","Australia",1
"Cann River","Australia",1
"Canoa Ranch","United States",1
"Cantonment","United States",1
"Cap-d’Ail","France",1
"Cape May Point","United States",1
"Carabayllo","Peru",1
"Caransebeş","Romania",1
"Caravonica","Australia",1
"Carbonia","Italy",1
"Cardiff","Australia",1
"Cardiff","United Kingdom",1
"Cardigan","Canada",1
"Cardwell","Australia",1
"Carencro","United States",1
"Caribou","United States",1
"Carignan","Canada",1
"Caringbah","Australia",1
"Carl Junction","United States",1
"Carleton","United Kingdom",1
"Carnide","Portugal",1
"Carole Park","Australia",1
"Carpinteria","United States",1
"Carramar","Australia",1
"Carrara","Australia",1
"Carrington","United States",1
"Carseldine","Australia",1
"Carterton","New Zealand",1
"Carterville","United States",1
"Carwoola","Australia",1
"Casal da Boavista de São Gregório","Portugal",1
"Cascade","United States",1
"Casey","Australia",1
"Casnovia","United States",1
"Cassidy","Canada",1
"Castelluccio Inferiore","Italy",1
"Castelmassa","Italy",1
"Castle Douglas","United Kingdom",1
"Castle Hayne","United States",1
"Castle Highlands","United States",1
"Castle Marina","United States",1
"Castletown","Australia",1
"Catania","Italy",1
"Cavan","Ireland",1
"Cavan-Monaghan","Canada",1
"Caves Beach","Australia",1
"Cearfoss","United States",1
"Cebu","Philippines",1
"Cecil Township","United States",1
"Cedar Lake","United States",1
"Cedar Road Corridor","United States",1
"Ceduna","Australia",1
"Cegléd","Hungary",1
"Centennial","United States",1
"Center City","United States",1
"Center Valley","United States",1
"Centerville","United States",1
"Central","United Kingdom",1
"Central City","United States",1
"Central Oahu Regional Park","United States",1
"Central Point","United States",1
"Central Saanich","Canada",1
"Centralville","United States",1
"Cervo","Spain",1
"Cestona","Spain",1
"Chadds Ford","United States",1
"Chakto Mukh","Cambodia",1
"Chalco","United States",1
"Champion Lakes","Australia",1
"Channahon","United States",1
"Chaoyang District","China",1
"Chaparral","United States",1
"Chapel Hill","Australia",1
"Chapel House","United Kingdom",1
"Chapin","United States",1
"Chapman","Australia",1
"Chaptico","United States",1
"Charlemagne","Canada",1
"Charles Sturt University","Australia",1
"Charlestown","United Kingdom",1
"Charlestown","United States",1
"Charlotte Douglas International Airport","United States",1
"Charlottesville City","United States",1
"Charmhaven","Australia",1
"Chaykovskiy","Russia",1
"Chałupki","Poland",1
"Chelan","United States",1
"Chermside West","Australia",1
"Cherokee","United States",1
"Chesapeake Beach","United States",1
"Chesterfield Court House","United States",1
"Chestertown","United States",1
"Chevy Chase","United States",1
"Chicago","United States",1
"Chidlow","Australia",1
"Chifley","Australia",1
"Chillum","United States",1
"China","United States",1
"Chinchilla","Australia",1
"Chinderah","Australia",1
"Chinle","United States",1
"Chino","United States",1
"Chirton","United Kingdom",1
"Chisholm","United States",1
"Chollerford","United Kingdom",1
"Chorrillos","Peru",1
"Christchurch","United Kingdom",1
"Christiansfeld","Denmark",1
"Christie Downs","Australia",1
"Churchbridge","United Kingdom",1
"Churchill","United States",1
"Chuwar","Australia",1
"Chuí","Brazil",1
"Cibola","United States",1
"Cicero","United States",1
"Cirby Side","United States",1
"Circle Pines","United States",1
"Citrus Heights","United States",1
"Ciudad Juárez","Mexico",1
"Ciudad de Holguín","Cuba",1
"Claiborne","United States",1
"Claimont","Canada",1
"Clam Bayou","United States",1
"Clare","United States",1
"Claremorris","Ireland",1
"Clarence Center","United States",1
"Clay","United States",1
"Claycomo","United States",1
"Claymore","Australia",1
"Clayton","Australia",1
"Clearlake Oaks","United States",1
"Clearwater","Canada",1
"Cleikimin","United Kingdom",1
"Clements","United States",1
"Clerwood","United Kingdom",1
"Cleveland ","Australia",1
"Cleves","United States",1
"Clifton Park","United States",1
"Clintwood","United States",1
"Clonbrusk","Ireland",1
"Cloquet","United States",1
"Cluj-Napoca","Romania",1
"Clydebank","United Kingdom",1
"Coatbridge","United Kingdom",1
"Cobalt Business Park","United Kingdom",1
"Cochem","Germany",1
"Cochrane","Canada",1
"Cockeysville","United States",1
"Cockrel Hill","United States",1
"Coconut Creek","United States",1
"Coeur D'Alene","United States",1
"Coeur dAlene","United States",1
"Cohoes","United States",1
"Coimbra","Portugal",1
"Colchester","Canada",1
"Colchester Business Park","United Kingdom",1
"Cold Spring","United States",1
"Coldstream","Australia",1
"Coleraine","United Kingdom",1
"Colfax","United States",1
"Colgate","United States",1
"Collegedale","United States",1
"Collegetown","United States",1
"Collingham","United Kingdom",1
"Collingwood Park","Australia",1
"Collinsville","Australia",1
"Cologna Veneta","Italy",1
"Colon","United States",1
"Colonial Gardens","United States",1
"Colonial Heights","United States",1
"Colts Neck Township","United States",1
"Columbia Heights","United States",1
"Columbiana","United States",1
"Colyton","Australia",1
"Comstock Township","United States",1
"Concord","Australia",1
"Connells Point","Australia",1
"Connewarre","Australia",1
"Consett","United Kingdom",1
"Constanţa","Romania",1
"Contrecoeur","Canada",1
"Converse","United States",1
"Coober Pedy","Australia",1
"Coogee","Australia",1
"Cook","Australia",1
"Cooksville","United States",1
"Cooktown","Australia",1
"Coolangatta","Australia",1
"Coombabah","Australia",1
"Coonabarabran","Australia",1
"Coopersville","United States",1
"Copenhagen","Denmark",1
"Copley Township","United States",1
"Coppell","United States",1
"Coral","United States",1
"Corcoran","United States",1
"Corinth","Greece",1
"Corinth","United States",1
"Corio","Australia",1
"Cork Great (Ireland)","Ireland",1
"Corlăteni","Moldova",1
"Corner Brook","Canada",1
"Corner Canyon","United States",1
"Corning","United States",1
"Cortlandt Manor","United States",1
"Corvallis","United States",1
"Costa de Caparica","Portugal",1
"Costessey","United Kingdom",1
"Council Bluffs","United States",1
"Council Oak","United States",1
"Coundon Gate","United Kingdom",1
"Courtenay","Canada",1
"Courtland","United States",1
"Coventry","United Kingdom",1
"Coves North","United States",1
"Cowaramup","Australia",1
"Cowgate","United Kingdom",1
"Cowichan Lake","Canada",1
"Crafers","Australia",1
"Craigforth","United Kingdom",1
"Craiova","Romania",1
"Cramertown","United States",1
"Cranbourne West","Australia",1
"Cranston","United States",1
"Credit River Township","United States",1
"Crescent City","United States",1
"Crescent Head","Australia",1
"Crestwood","Australia",1
"Cromwell","New Zealand",1
"Crook","United Kingdom",1
"Croom","Australia",1
"Crowley","United States",1
"Crownhill","United Kingdom",1
"Croxdale","United Kingdom",1
"Croydon","Australia",1
"Croydon North","Australia",1
"Cruz Bay","United States",1
"Crystal Springs","United States",1
"Csorna","Hungary",1
"Cuartel V","Argentina",1
"Cullacabardee","Australia",1
"Culloden","United States",1
"Cullowhee","United States",1
"Curl Curl","Australia",1
"Currambine","Australia",1
"Currie","United Kingdom",1
"Currumbin","Australia",1
"Curtin","Australia",1
"Cygnet","Australia",1
"Cylon","United States",1
"Cynthiana","United States",1
"Cypress Reserve","United States",1
"D'Iberville","United States",1
"Dacono","United States",1
"Dagsboro","United States",1
"Daingerfield","United States",1
"Dakabin","Australia",1
"Dakota Dunes","United States",1
"Dakota Ridge","United States",1
"Dale","United States",1
"Dalem","Netherlands",1
"Daleville","United States",1
"Daleys Point","Australia",1
"Dalgety Bay","United Kingdom",1
"Dalkeith","Australia",1
"Dallas","Australia",1
"Dalton Gardens","United States",1
"Dalton-le-Dale","United Kingdom",1
"Dandenong North","Australia",1
"Dandenong South","Australia",1
"Danderhall","United Kingdom",1
"Daniel Island","United States",1
"Dannevirke","New Zealand",1
"Danvers","United States",1
"Darfield","United Kingdom",1
"Darley Abbey","United Kingdom",1
"Darlington","United States",1
"Darmstadt","Germany",1
"Darnestown","United States",1
"Dartmouth","Canada",1
"Daugavpils","Latvia",1
"Davistown","Australia",1
"Davyhulme West","United Kingdom",1
"Dawdon","United Kingdom",1
"Dawson Creek","Canada",1
"Dayton","Australia",1
"De Engel","Netherlands",1
"De Graff","United States",1
"De Soto","United States",1
"DeLand","United States",1
"DeSoto","United States",1
"DeWitt","United States",1
"Deale","United States",1
"Deanshanger","United Kingdom",1
"Dee Why","Australia",1
"Deebing Heights","Australia",1
"Deer Valley","United States",1
"Deest","Netherlands",1
"Deforest","United States",1
"Del Mar","United States",1
"Del Mar Hills","United States",1
"Del Rey Oaks","United States",1
"Del-Aire Golf Club","United States",1
"Delacombe","Australia",1
"Delafield","United States",1
"Delaney Park","United States",1
"Delaware Water Gap","United States",1
"Deloraine","Australia",1
"Delta Township","United States",1
"Deming","United States",1
"Den Hoorn","Netherlands",1
"Denali National Park","United States",1
"Denmark","Australia",1
"Denmark","United States",1
"Dennis","United States",1
"Denton","United Kingdom",1
"Deptford","United States",1
"Derry","United States",1
"Derventa","Bosnia and Herzegovina",1
"Des Moines","United States",1
"Des Plaines","United States",1
"Deutschkreutz","Austria",1
"Deva","Romania",1
"Devon Meadows","Australia",1
"Devonshire","Bermuda",1
"Dexter","United States",1
"Diamond Beach","Australia",1
"Diest","Belgium",1
"Digby","Canada",1
"Dillon","United States",1
"Dimboola","Australia",1
"Dimondale","United States",1
"Dingley Village","Australia",1
"Dinmore","Australia",1
"Divača","Slovenia",1
"Divnogorsk","Russia",1
"Dnipro","Ukraine",1
"Doboj","Bosnia and Herzegovina",1
"Dock Acres","United Kingdom",1
"Dodgeville","United States",1
"Dokka","Norway",1
"Dolo","Italy",1
"Doncaster East","Australia",1
"Donelson","United States",1
"Donetsk","Ukraine",1
"Dongan District","China",1
"Dongara","Australia",1
"Dorval","Canada",1
"Dos Hermanas","Spain",1
"Dotsero","United States",1
"Dourdan","France",1
"Dove Mountain Resort","United States",1
"Dover","United Kingdom",1
"Doveton","Australia",1
"Dovre","Norway",1
"Downer","Australia",1
"Downtown Akron","United States",1
"Dragør","Denmark",1
"Drayton","Australia",1
"Drayton","United Kingdom",1
"Dresden","Germany",1
"Driel","Netherlands",1
"Driftwood","United States",1
"Drighlington","United Kingdom",1
"Drimmelen","Netherlands",1
"Droylsden","United Kingdom",1
"Drumchapel & Anniesland","United Kingdom",1
"Drumcondra ","Australia",1
"Drummondville","Canada",1
"Druskininkai","Lithuania",1
"Dulaney Forest","United States",1
"Dulwich Hill","Australia",1
"Dumbarton","United Kingdom",1
"Dumfries","United States",1
"Dumont / Cresskill","United States",1
"Dunaharaszti","Hungary",1
"Dunbar","United Kingdom",1
"Dunboyne","Ireland",1
"Dundalk","United States",1
"Dundas","Canada",1
"Dunedin","United States",1
"Dunfermline","United Kingdom",1
"Dungannon","United Kingdom",1
"Dunkirk","United States",1
"Dunn","United States",1
"Dunn's Marsh","United States",1
"Duquesne","United States",1
"Duquesne Place","United States",1
"Durack","Australia",1
"Duson","United States",1
"Dyersville","United States",1
"Dzhankoy","Ukraine",1
"Dzierżoniów","Poland",1
"Dąbrowa Górnicza","Poland",1
"Dębe","Poland",1
"Eagle Creek","United States",1
"Eagle Farm","Australia",1
"Eagleby","Australia",1
"Eaglescliffe","United Kingdom",1
"Earlville","Australia",1
"Earlysville","United States",1
"Earsdon","United Kingdom",1
"East Amherst","United States",1
"East Aurora","United States",1
"East Bendigo","Australia",1
"East Boston","United States",1
"East Bunbury","Australia",1
"East Central","United States",1
"East Elmhurst","United States",1
"East Fishkill","United States",1
"East Gosford","Australia",1
"East Greenwich","United States",1
"East Hampton","United States",1
"East Hanover","United States",1
"East Harwich","United States",1
"East Helena","United States",1
"East Hempfield Township","United States",1
"East Herrington","United Kingdom",1
"East Hills","Australia",1
"East Innisfail","Australia",1
"East Little Rock","United States",1
"East Longmeadow","United States",1
"East Massapequa","United States",1
"East Memphis","United States",1
"East Ord","United Kingdom",1
"East Parkside","United States",1
"East Peoria","United States",1
"East Point","United States",1
"East Side","United States",1
"East Sparta","United States",1
"East Tamworth","Australia",1
"East Wagga Wagga","Australia",1
"East Whiteland Township","United States",1
"Eastern Creek","Australia",1
"Eastham","United States",1
"Easthampton","United States",1
"Eaton","United States",1
"Ecclesfield","United Kingdom",1
"Echarlens","Switzerland",1
"Ecser","Hungary",1
"Eden Hill","Australia",1
"Eden Isle","United States",1
"Edendale","New Zealand",1
"Edenthorpe","United Kingdom",1
"Edgbaston","United Kingdom",1
"Edgewater","Australia",1
"Edgewood","United States",1
"Edgewood Park","United States",1
"Edgeworth","Australia",1
"Edinburgh","Australia",1
"Edinburgh Castle","United Kingdom",1
"Edinburgh Park","United Kingdom",1
"Edmond","United States",1
"Edmondson Park","Australia",1
"Edmundston","Canada",1
"Edsbro","Sweden",1
"Edwardsburg","United States",1
"Egg Buckland","United Kingdom",1
"Egg Harbor","United States",1
"Eidskog","Norway",1
"Eimeo ","Australia",1
"Ein Carmel","Israel",1
"Ein Tzurim","Israel",1
"Eiras","Portugal",1
"Eisenhower East","United States",1
"El Cajon","United States",1
"El Jebel","United States",1
"El Masnou","Spain",1
"El Tanque","Spain",1
"Elanora Heights","Australia",1
"Eleebana","Australia",1
"Elefsina","Greece",1
"Elektrostal","Russia",1
"Elermore Vale","Australia",1
"Elgóibar","Spain",1
"Elizabeth","Australia",1
"Elizabeth Grove","Australia",1
"Elizabeth Hills","Australia",1
"Elizabeth North","Australia",1
"Elizabeth Park","Australia",1
"Elk Ridge","United States",1
"Elko","United States",1
"Elko New Market","United States",1
"Ellet","United States",1
"Ellijay","United States",1
"Ellington","United States",1
"Elm Springs","United States",1
"Elmer","United States",1
"Elmsford","United States",1
"Emek Hefer Industrial Park","Israel",1
"Emerald","Australia",1
"Emerson Valley","United Kingdom",1
"Emerton","Australia",1
"Emu Park","Australia",1
"Emu Plains","Australia",1
"Engelen","Netherlands",1
"Engelwood","United States",1
"English Turn","United States",1
"Enniscorthy","Ireland",1
"Enoch","United States",1
"Enterprise","United States",1
"Enumclaw","United States",1
"Ephrata","United States",1
"Epping","Australia",1
"Erina Heights","Australia",1
"Erith","United Kingdom",1
"Erskine Park","Australia",1
"Ervalla","Sweden",1
"Erwin","United States",1
"Escanaba","United States",1
"Eschol Park","Australia",1
"Essex","Canada",1
"Est","Netherlands",1
"Estates of Auburndale","United States",1
"Estes Park","United States",1
"Estremoz","Portugal",1
"Estuary at Grey Oaks","United States",1
"Ettalong Beach","Australia",1
"Euless","United States",1
"Eunanoreenya","Australia",1
"Eureka","New Zealand",1
"Euroa","Australia",1
"Evans Head","Australia",1
"Evanston","Australia",1
"Everson","United States",1
"Ewa Beach","United States",1
"Ewa Gentry","United States",1
"Excelsior","United States",1
"Factoryville","United States",1
"Fadden","Australia",1
"Fairfax","United States",1
"Fairview Heights","United States",1
"Fairview Township","United States",1
"Fairy Bower","Australia",1
"Falcon","United States",1
"Falkirk","United Kingdom",1
"Fall City","United States",1
"Fall River","Canada",1
"Fallowfield","United Kingdom",1
"Falmouth","United States",1
"Falsterbo","Sweden",1
"Farmingdale","United States",1
"Farmville","United States",1
"Farnborough","Australia",1
"Farnham","Canada",1
"Farningham","United Kingdom",1
"Farnworth","United Kingdom",1
"Farrankelly","Ireland",1
"Farsta","Sweden",1
"Farum","Denmark",1
"Fayettevile","United States",1
"Fearnhead","United Kingdom",1
"Federalsburg","United States",1
"Feldkirchen bei Graz","Austria",1
"Felthorpe","United Kingdom",1
"Fenton","United States",1
"Fergus Falls","United States",1
"Ferguson","United States",1
"Ferguson Township","United States",1
"Fermanagh Township","United States",1
"Fernley","United States",1
"Ferny Hills","Australia",1
"Festus","United States",1
"Fiddler's Creek","United States",1
"Fielding","New Zealand",1
"Fieldston","United States",1
"Fife","United Kingdom",1
"Fife","United States",1
"Fife Lake","United States",1
"Figueres","Spain",1
"Filton","United Kingdom",1
"Findlay Township","United States",1
"Fir Tree","United Kingdom",1
"Fisherman Flats","United States",1
"Five Corners","United States",1
"Five Mile Prairie","United States",1
"Flekkefjord","Norway",1
"Fleming","United States",1
"Fleming Island","United States",1
"Flinders View","Australia",1
"Flint","United States",1
"Flint Hill","United States",1
"Flintstone","United States",1
"Floraville","Australia",1
"Floreat","Australia",1
"Floriana (Malta)","Malta",1
"Florida Center","United States",1
"Florida City","United States",1
"Florissant","United States",1
"Floyds Knobs","United States",1
"Foleshill","United Kingdom",1
"Forde","Australia",1
"Forest Glenn of Naples","United States",1
"Forest Hill","Australia",1
"Forest Hill","United States",1
"Forest Junction","United States",1
"Forestville","United States",1
"Forney","United States",1
"Forsyth","United States",1
"Fort Erie","Canada",1
"Fort McMurray","Canada",1
"Fort Montgomery","United States",1
"Fort Pierce Beach","United States",1
"Fort Saskatchewan","Canada",1
"Fort St John","Canada",1
"Fort Washington","United States",1
"Fort William","United Kingdom",1
"Fossò","Italy",1
"Foster","Australia",1
"Founders Bridge","United States",1
"Fountain","United States",1
"Fountain Green","United States",1
"Fountain Hills","United States",1
"Fountain Valley","United States",1
"Fountainebleau","United States",1
"Four Corners","United States",1
"Four Cross","United Kingdom",1
"Four Lane Ends","United Kingdom",1
"Foxbank Plantation","United States",1
"Foxborough","United States",1
"Foxborough (Foxboro)","United States",1
"Foxhol","Netherlands",1
"Fracc Guadalupana","Mexico",1
"Fracc Res Juan Manuel","Mexico",1
"Fracc Vallarta Poniente","Mexico",1
"Frankford","United States",1
"Franklin Lakes","United States",1
"Franklin Park","United States",1
"Frankston","Australia",1
"Frankston South","Australia",1
"Freckleton","United Kingdom",1
"Fredericktown","United States",1
"Frederikshavn","Denmark",1
"Frederiksværk","Denmark",1
"Fredrikstad","Norway",1
"Freedom","United States",1
"Freeland","United States",1
"Freeport","United States",1
"Freestate/North Highlands","United States",1
"Freetown","United States",1
"Freiburg","Germany",1
"Fremantle","Australia",1
"French Lick","United States",1
"Friday Harbor","United States",1
"Fridley","United States",1
"Friendship","United States",1
"Friendswood","United States",1
"Frogtown","United States",1
"Frostburg","United States",1
"Ft Gordon","United States",1
"Fujinomiya City","Japan",1
"Fujisawa","Japan",1
"Fullersta","Sweden",1
"Fullerton Cove","Australia",1
"Furulund","Sweden",1
"Färlöv","Sweden",1
"Féy","France",1
"Gaash","Israel",1
"Gaines Township","United States",1
"Galashiels","United Kingdom",1
"Galbiate","Italy",1
"Gambir","Indonesia",1
"Gameren","Netherlands",1
"Garden City Beach","United States",1
"Garforth","United Kingdom",1
"Garnett","United States",1
"Garðabær","Iceland",1
"Gasselternijveen","Netherlands",1
"Gasselternijveenschemond","Netherlands",1
"Gaston","United States",1
"Gastonia","United States",1
"Gateway","United States",1
"Gautier","United States",1
"Gawler South","Australia",1
"Gdynia","Poland",1
"Geebung","Australia",1
"Geertruidenberg","Netherlands",1
"Geistown","United States",1
"Geneseo","United States",1
"Gentofte","Denmark",1
"George Town","Australia",1
"Georgina","Canada",1
"Gettysburg","United States",1
"Geulei Teiman","Israel",1
"Geva Carmel","Israel",1
"Ghazir","Lebanon",1
"Gibsonton","United States",1
"Giffnock","United Kingdom",1
"Gilbert","United States",1
"Gillett","United States",1
"Gingin","Australia",1
"Giugliano in Campania","Italy",1
"Givat Chen","Israel",1
"Givat Haim Meuhad","Israel",1
"Gladstone","Australia",1
"Gladstone","United States",1
"Glanmire","Ireland",1
"Glasgow Prestwick International Airport","United Kingdom",1
"Glen Ellyn","United States",1
"Glen Osmond","Australia",1
"Glendale","Australia",1
"Glenelg","Australia",1
"Glenfield","New Zealand",1
"Glenfield Park","Australia",1
"Glenhaven","Australia",1
"Glenmont","United States",1
"Glenning Valley","Australia",1
"Glennville","United States",1
"Glenroy","Australia",1
"Glens Falls","United States",1
"Glenview","United States",1
"Glenville","United States",1
"Glocester","United States",1
"Gloggnitz","Austria",1
"Gloversville","United States",1
"Gmina Biała Podlaska","Poland",1
"Gmina Pruszcz Gdański","Poland",1
"Gmina Świdnica","Poland",1
"Gmina Świebodzin","Poland",1
"Gnarabup","Australia",1
"Gnesta","Sweden",1
"Godów","Poland",1
"Golden","Canada",1
"Golden Beach","Australia",1
"Golden Glades","United States",1
"Goldenrod","United States",1
"Goldsby","United States",1
"Goldthorpe","United Kingdom",1
"Gomel City Council","Belarus",1
"Goodna","Australia",1
"Goodyear","United States",1
"Goole","United Kingdom",1
"Gordonsville","United States",1
"Gordonvale","Australia",1
"Gorizia","Italy",1
"Gorokan","Australia",1
"Gorteendrunagh","Ireland",1
"Gosforth","United Kingdom",1
"Gossville","United States",1
"Gouda","Netherlands",1
"Goulds","United States",1
"Gowanbrae","Australia",1
"Graham","United States",1
"Grajewo","Poland",1
"Gramoteino","Russia",1
"Granby","Canada",1
"Granby","United States",1
"Grand Blanc Township","United States",1
"Grand Ledge","United States",1
"Grand Mound","United States",1
"Grand Terrace","United States",1
"Grand Turk","Turks And Caicos Islands",1
"Grand View North","United States",1
"Grande Prairie","Canada",1
"Grangemouth","United Kingdom",1
"Grannagh","Ireland",1
"Granollers","Spain",1
"Grant","United States",1
"Granton","Australia",1
"Gravina di Catania","Italy",1
"Grayson","United States",1
"Great Barrington","United States",1
"Great Falls","United States",1
"Great Holm","United Kingdom",1
"Great Neck","United States",1
"Great River","United States",1
"Great Sutton","United Kingdom",1
"Greater Pollock","United Kingdom",1
"Green Cove Springs","United States",1
"Green Island","United States",1
"Green Oak Township","United States",1
"Green Valley","Australia",1
"Green Valley","United States",1
"Greenacre","Australia",1
"Greencastle","United States",1
"Greenfield","United Kingdom",1
"Greenfields","Australia",1
"Greenleaf","United States",1
"Greenport","United States",1
"Greensboro/ Bryant","United States",1
"Greensborough","Australia",1
"Greenvale","Australia",1
"Greenway","Australia",1
"Greenwood","Australia",1
"Greetwell","United Kingdom",1
"Greta","Australia",1
"Gretna","United Kingdom",1
"Greymouth","New Zealand",1
"Greystanes","Australia",1
"Griffin","United States",1
"Grillby","Sweden",1
"Grimstad","Norway",1
"Grimston","United Kingdom",1
"Grodzisk Mazowiecki","Poland",1
"Grosse Pointe Park","United States",1
"Grovetown","United States",1
"Großebersdorf","Austria",1
"Großpetersdorf","Austria",1
"Grums","Sweden",1
"Gryfice","Poland",1
"Gryfino","Poland",1
"Grænge","Denmark",1
"Grödinge","Sweden",1
"Guará","Brazil",1
"Guide Post","United Kingdom",1
"Guilford","United States",1
"Guldsmedshyttan","Sweden",1
"Gulgong","Australia",1
"Gulliver","Australia",1
"Gum Spring","United States",1
"Gumly Gumly","Australia",1
"Gunn","Australia",1
"Gunness","United Kingdom",1
"Gunter","United States",1
"Guntramsdorf","Austria",1
"Gurnee","United States",1
"Guía de Isora","Spain",1
"Gwynneville ","Australia",1
"Gymea","Australia",1
"Gympie","Australia",1
"Gyumri","Armenia",1
"Gzira (Malta)","Malta",1
"Głowno","Poland",1
"Haaften","Netherlands",1
"Hachinohe City","Japan",1
"Haddington","United Kingdom",1
"Haggs","United Kingdom",1
"Hahira","United States",1
"Haifa","Israel",1
"Hainburg an der Donau","Austria",1
"Hajdúdorog","Hungary",1
"Halbeath","United Kingdom",1
"Halen","Belgium",1
"Halewood","United Kingdom",1
"Hallett Cove","Australia",1
"Hallstavik","Sweden",1
"Halstead","United Kingdom",1
"Hamatonbetsu Town","Japan",1
"Hamburg Township","United States",1
"Hamilton North","Australia",1
"Hamilton Square","United States",1
"Hamilton Township","United States",1
"Hamilton Valley","Australia",1
"Hammond Park","Australia",1
"Hampden Township","United States",1
"Hampton","Australia",1
"Hampton","Canada",1
"Hampton Estates Village","United States",1
"Hampton Lake","United States",1
"Hampton Park","Australia",1
"Hamrun (Malta)","Malta",1
"Handcross","United Kingdom",1
"Handewitt","Germany",1
"Haniel","Israel",1
"Hank","Netherlands",1
"Hannibal","United States",1
"Hantsport","Canada",1
"Hanyu City","Japan",1
"Harbordale","United States",1
"Harcourt","Australia",1
"Hardgate","United Kingdom",1
"Hardy","United States",1
"Haret Sakhr","Lebanon",1
"Harish","Israel",1
"Harker Heights","United States",1
"Harlem","United States",1
"Harmondsworth","United Kingdom",1
"Harmony","United States",1
"Harmony Heights","United States",1
"Harold Wood","United Kingdom",1
"Harrisdale","Australia",1
"Harrod","United States",1
"Harrogate","United Kingdom",1
"Hartberg","Austria",1
"Hartland","United States",1
"Hartlepool","United Kingdom",1
"Hartsville","United States",1
"Hasbrouck Heights","United States",1
"Hattiesburg","United States",1
"Hatvan","Hungary",1
"Haudainville","France",1
"Havelock North","New Zealand",1
"Hawthorn","Australia",1
"Hawthorn Woods","United States",1
"Hay South","Australia",1
"Hay al-Tayyib al-Maheeri","Tunisia",1
"Hayborough","Australia",1
"Haydock","United Kingdom",1
"Hayesville","United States",1
"Haynes","Australia",1
"Hayward","United States",1
"Hayward Highland","United States",1
"Hazeley","United Kingdom",1
"Hazelwood North","Australia",1
"Healdsburg","United States",1
"Heartsease","United Kingdom",1
"Heatherbrae","Australia",1
"Heathrow Villages","United Kingdom",1
"Hebburn","United Kingdom",1
"Heber City","United States",1
"Hebersham","Australia",1
"Heddon Greta","Australia",1
"Heddon-on-the-Wall","United Kingdom",1
"Heesbeen","Netherlands",1
"Helensville","New Zealand",1
"Hemel Hempstead","United Kingdom",1
"Henbury","United Kingdom",1
"Henderson (Seven Hills)","United States",1
"Henley Brook","Australia",1
"Henrico","United States",1
"Henrietta","United States",1
"Hensingham","United Kingdom",1
"Heping District","China",1
"Heritage Lakes","United States",1
"Hermantown","United States",1
"Hermitage","United States",1
"Herriman","United States",1
"Hertford","United States",1
"Hervey Bay","Australia",1
"Herwijnen","Netherlands",1
"Heslington","United Kingdom",1
"Hessle","United Kingdom",1
"Heteren","Netherlands",1
"Heybridge","Australia",1
"Hi-Nella","United States",1
"Hibbard","United States",1
"Hibbing","United States",1
"Hibiscus Park","United States",1
"Hibriten","United States",1
"Hickman","United States",1
"Hidden River","United States",1
"Hidden Valley","Australia",1
"Hidden Valley Lake","United States",1
"Higgins","Australia",1
"High Point","United States",1
"High Springs","United States",1
"Higher Shurlach","United Kingdom",1
"Highlands","United States",1
"Highlands Ranch","United States",1
"Higüey","Dominican Republic",1
"Hillard","United States",1
"Hillend","United Kingdom",1
"Hillier","Australia",1
"Hinchinbrook","Australia",1
"Hindley","United Kingdom",1
"Hinesville","United States",1
"Hingham","United States",1
"Hitachi City","Japan",1
"Hlinethaya","Myanmar",1
"Hodgenville","United States",1
"Hogden Bottom","United Kingdom",1
"Hohenau","Austria",1
"Holland","United States",1
"Holly Hill","United States",1
"Holly Ridge","United States",1
"Hollywood Hills","United States",1
"Holmen","United States",1
"Holt","Australia",1
"Holt","United States",1
"Holte","Denmark",1
"Holy Cross","United States",1
"Holycross","Ireland",1
"Holyrood","Canada",1
"Holyrood","United Kingdom",1
"Holystone","United Kingdom",1
"Home Hill","Australia",1
"Honningsvåg","Norway",1
"Honselersdijk","Netherlands",1
"Hooge Mierde","Netherlands",1
"Hooghalen","Netherlands",1
"Hook","United Kingdom",1
"Hookwood","United Kingdom",1
"Hope Valley","Australia",1
"Hopewell","United States",1
"Hopkins-Tifft","United States",1
"Horace","United States",1
"Horden","United Kingdom",1
"Horley Central","United Kingdom",1
"Horsens","Denmark",1
"Horseshoe Bay","Canada",1
"Horsley Park","Australia",1
"Hot Springs","United States",1
"Houghton le Spring","United Kingdom",1
"Houma","United States",1
"Hove","Australia",1
"Howell","United States",1
"Howey in the Hills","United States",1
"Howland","United States",1
"Howrah","Australia",1
"Howth","Australia",1
"Hoxton Park","Australia",1
"Hoàng Diệu","Vietnam",1
"Hořovice","Czechia",1
"Hradec Králové","Czechia",1
"Hranice","Czechia",1
"Hualpén","Chile",1
"Hudson Oaks","United States",1
"Humlebæk","Denmark",1
"Huntingdale","Australia",1
"Huntly","New Zealand",1
"Huonville","Australia",1
"Hurlburt Field","United States",1
"Hurley","United States",1
"Hurstpierpoint","United Kingdom",1
"Hurstville Grove","Australia",1
"Huskisson","Australia",1
"Hveragerðisbær","Iceland",1
"Hyams Beach","Australia",1
"Hypoluxo","United States",1
"Hällbybrunn","Sweden",1
"Hämeenlinna","Finland",1
"Härryda","Sweden",1
"Hòa Thuận Tây","Vietnam",1
"Hörby","Sweden",1
"Ibrox","United Kingdom",1
"Idaho Springs","United States",1
"Idalia","Australia",1
"Iida","Japan",1
"Iisalmi","Finland",1
"Ilioúpolis","Greece",1
"Ilirska Bistrica","Slovenia",1
"Iluka","Australia",1
"Imperial","United States",1
"Imphal","India",1
"Impruneta","Italy",1
"Inala","Australia",1
"Inca","Spain",1
"Incheon","South Korea",1
"Inchinnan","United Kingdom",1
"Incline Village","United States",1
"Indiantown","United States",1
"Indooroopilly","Australia",1
"Ingham","Australia",1
"Inglewood","Canada",1
"Inglewood","United States",1
"Ingol","United Kingdom",1
"Ingramport","Canada",1
"Innisfail Estate","Australia",1
"Innisfil","Canada",1
"Inspiration","United States",1
"Interquest","United States",1
"Inverkip","United Kingdom",1
"Iowa","United States",1
"Iringa","Tanzania",1
"Irmo","United States",1
"Iroquois","Canada",1
"Irthington","United Kingdom",1
"Irvington","United States",1
"Irwell Riverside","United Kingdom",1
"Iráklion","Greece",1
"Isabella Plains","Australia",1
"Islamabad","Pakistan",1
"Isle of Palms","United States",1
"Isles-sur-Suippe","France",1
"Ithaca","United States",1
"Itoman City","Japan",1
"Itxassou","France",1
"Ivanhoe","Australia",1
"Ixonia","United States",1
"Izabelin","Poland",1
"Izgrev","Bulgaria",1
"Jabłonna","Poland",1
"Jacinto Vera","Uruguay",1
"Jacobs Well","Australia",1
"James City","United States",1
"James Island","United States",1
"Jamestown","United States",1
"Jane Brook","Australia",1
"Jardines de los Arcos","Mexico",1
"Jarrow","United Kingdom",1
"Jekyll Island","United States",1
"Jennings","United States",1
"Jerrabomberra","Australia",1
"Jesmond","Australia",1
"Jia Du Shi","Iceland",1
"Jiaoqu District","China",1
"Jihlava","Czechia",1
"Jodhpur","India",1
"Johnsburg","United States",1
"Johnstone","United Kingdom",1
"Joint Base Pearl Harbor-Hickam","United States",1
"Joliette","Canada",1
"Jonesborough","United States",1
"Jonesville","United States",1
"Joondalup","Australia",1
"Joppa","United States",1
"Jordan","United States",1
"Jordan Springs","Australia",1
"Jordbro","Sweden",1
"José Antonio Galán","Colombia",1
"Joyner","Australia",1
"Junction West","United States",1
"Jurbarkai","Lithuania",1
"Jurien Bay","Australia",1
"Jurmala","Latvia",1
"Juszkowo","Poland",1
"Jászberény","Hungary",1
"Jørpeland","Norway",1
"Kaarina","Finland",1
"Kahului","United States",1
"Kajaani","Finland",1
"Kalama","United States",1
"Kaleen","Australia",1
"Kalkara (Malta)","Malta",1
"Kallaroo","Australia",1
"KallhÃ¤ll","Sweden",1
"Kalniškiai","Lithuania",1
"Kalundborg","Denmark",1
"Kamenskoye","Russia",1
"Kaminokuni","Japan",1
"Kamnik","Slovenia",1
"Kampung Kiarong","Brunei",1
"Kampung Mata-Mata","Brunei",1
"Kampung Panaga","Brunei",1
"Kampung Pandan C","Brunei",1
"Kampung Sabun","Brunei",1
"Kampung Salambigar","Brunei",1
"Kampung Tungku","Brunei",1
"Kanahooka","Australia",1
"Kaneohe","United States",1
"Kanevskaya","Russia",1
"Kanimbla","Australia",1
"Kansasville","United States",1
"Kanwal","Australia",1
"Kapuvár","Hungary",1
"Karabar","Australia",1
"Karaka","New Zealand",1
"Karcag","Hungary",1
"Kariong","Australia",1
"Karloo","Australia",1
"Karlshus","Norway",1
"Karratha","Australia",1
"Karrinyup","Australia",1
"Katanning","Australia",1
"Katikati","New Zealand",1
"Katowice","Poland",1
"Kawasan Jabatan-Jabatan Dan Perumahan Kerajaan","Brunei",1
"Kawungan","Australia",1
"Kaysville","United States",1
"Kecioren","Turkey",1
"Keilor East","Australia",1
"Keizer","United States",1
"Kekava","Latvia",1
"Kellswater Bridge","United States",1
"Kellyville","Australia",1
"Kelmscott","Australia",1
"Kelso","United States",1
"Kembla Grange","Australia",1
"Kenadri","Indonesia",1
"Kendal","United Kingdom",1
"Kendale Lakes","United States",1
"Kendall","United States",1
"Kennebunk","United States",1
"Kennett","United States",1
"Kennington","Australia",1
"Kensington","United States",1
"Kentlyn","Australia",1
"Kentwood","United States",1
"Kenwick","Australia",1
"Kerman","United States",1
"Keshena","United States",1
"Kettering","Australia",1
"Kettering","United States",1
"Kewarra Beach","Australia",1
"Keystone","United States",1
"Kfar Haroe","Israel",1
"Kfar Hess","Israel",1
"Kfar Neter","Israel",1
"Kfar Rosh Hanikra","Israel",1
"Kfar Yona","Israel",1
"Khartoum","Sudan",1
"Kiama ","Australia",1
"Kiawah Island","United States",1
"Kidsgrove","United Kingdom",1
"Kiduliai","Lithuania",1
"Kiel","Germany",1
"Kiiu","Estonia",1
"Kilcoy","Australia",1
"Killingworth","United States",1
"Killynure","United Kingdom",1
"Kiln Farm","United Kingdom",1
"Kilsyth","United Kingdom",1
"Kilsyth South","Australia",1
"Kimball Township","United States",1
"Kimberly","United States",1
"Kin Kora","Australia",1
"Kinderhook","United States",1
"King City","Canada",1
"King City","United States",1
"King Farm","United States",1
"King's Tamerton","United Kingdom",1
"Kingisepp","Russia",1
"Kingmoor","United Kingdom",1
"Kingsburg","United States",1
"Kingsland","United Kingdom",1
"Kingsville","Canada",1
"Kingsville","United States",1
"Kinkora","Canada",1
"Kinmont Park","New Zealand",1
"Kinross","Australia",1
"Kinsealy","Ireland",1
"Kinston","United States",1
"Kippa-Ring","Australia",1
"Kirchenfeld-Schosshalde","Switzerland",1
"Kirk Leavington","United Kingdom",1
"Kirkcaldy","United Kingdom",1
"Kirkenes","Norway",1
"Kirkliston","United Kingdom",1
"Kirkop (Malta)","Malta",1
"Kirovohrad","Ukraine",1
"Kiryat Ekron","Israel",1
"Kiryat Malachi","Israel",1
"Kiryat Yam","Israel",1
"Kitahiroshima City","Japan",1
"Kitchener/Waterloo","Canada",1
"Kittery","United States",1
"Klagenfurt","Austria",1
"Klaipėda","Lithuania",1
"Kleinwinternheim","Germany",1
"Kloetinge","Netherlands",1
"Klosterneuburg","Austria",1
"Knappagh Beg","Ireland",1
"Knockhall","United Kingdom",1
"Knowsley Industrial Park","United Kingdom",1
"Kobryn","Belarus",1
"Kochav Yair","Israel",1
"Kokkedal","Denmark",1
"Kokkola","Finland",1
"Kola","Russia",1
"Kolbermoor","Germany",1
"Koloa","United States",1
"Komárom","Hungary",1
"Komárom District","Hungary",1
"Komárov","Czechia",1
"Koongamia","Australia",1
"Kooragang","Australia",1
"Kooringal","Australia",1
"Kopřivnice","Czechia",1
"Korsakov","Russia",1
"Korsør","Denmark",1
"Kostanayskiy rayon","Kazakhstan",1
"Kostanjevica na Krasu","Slovenia",1
"Kotara","Australia",1
"Kotka","Finland",1
"Kozarska Dubica","Bosnia and Herzegovina",1
"Košice-Západ","Slovakia",1
"Kragerø","Norway",1
"Kranj","Slovenia",1
"Kranjska Gora","Slovenia",1
"Krasno selo","Bulgaria",1
"Krk","Croatia",1
"Kroměříž","Czechia",1
"Kuancheng District","China",1
"Kudjape","Estonia",1
"Kuluin","Australia",1
"Kumanovo","North Macedonia",1
"Kuna","United States",1
"Kunrade","Netherlands",1
"Kununurra","Australia",1
"Kuopio","Finland",1
"Kuranda","Australia",1
"Kuripuni","New Zealand",1
"Kurri Kurri","Australia",1
"Kurunjang","Australia",1
"Kuusamo","Finland",1
"Kuyarskoye","Russia",1
"Kværndrup","Denmark",1
"Kwinana Town Centre","Australia",1
"Kyabram","Australia",1
"Källesjö¶","Sweden",1
"Kópavogsbær","Iceland",1
"Könen","Germany",1
"København S","Denmark",1
"Kúty","Slovakia",1
"L'Hospitalet de Llobregat","Spain",1
"L'ancienne-Lorette","Canada",1
"La Center","United States",1
"La Conner","United States",1
"La Gorce","United States",1
"La Jolla","United States",1
"La Perla","Peru",1
"La Plata","Argentina",1
"La Porte","United States",1
"La Victoria","Peru",1
"Lacombe","Canada",1
"Lacombe","United States",1
"Lacombe County","Canada",1
"Laconia","United States",1
"Ladson","United States",1
"Lady's Island","United States",1
"Ladysmith","Canada",1
"Lagrange","United States",1
"Lagrangeville","United States",1
"Laguna","United States",1
"Laguna Beach","United States",1
"Lahti","Finland",1
"Lake Barrington","United States",1
"Lake Clarke Shores","United States",1
"Lake Elmo","United States",1
"Lake Frederick","United States",1
"Lake Frendrica","United States",1
"Lake Monticello","United States",1
"Lake Park","United States",1
"Lake Ridge","United States",1
"Lake Sheen","United States",1
"Lake St Louis","United States",1
"Lake Wales","United States",1
"Lakefield of the Landings","United States",1
"Lakeland Ridge","Canada",1
"Lakeport","United States",1
"Lakes Entrance","Australia",1
"Lakes by The Bay","United States",1
"Lakeside","United States",1
"Lakeview South","United States",1
"Lakeview Village","United States",1
"Lakeway","United States",1
"Lamač","Slovakia",1
"Lame Deer","United States",1
"Lamesley","United Kingdom",1
"Landsdale","Australia",1
"Landstuhl","Germany",1
"Langley Air Force Base","United States",1
"Langley City","Canada",1
"Langwarrin","Australia",1
"Lapeer","United States",1
"Laprairie","Canada",1
"Laramie","United States",1
"Larkspur","United States",1
"Larrakeyah","Australia",1
"Lasnamäe","Estonia",1
"Latchbrook","United Kingdom",1
"Lathlain","Australia",1
"Lathrop","United States",1
"Latrobe","United States",1
"Launceston","Australia",1
"Laurieston","United Kingdom",1
"Lavannes","France",1
"Lawrence Township","United States",1
"Lawson","Australia",1
"Lazdynai","Lithuania",1
"Lazenby","United Kingdom",1
"Le Chesnay","France",1
"Le Claire","United States",1
"Lea","United Kingdom",1
"Leaden Roding","United Kingdom",1
"Leadenhall","United Kingdom",1
"League City","United States",1
"Leduc County","Canada",1
"Leechburg","United States",1
"Leeming","Australia",1
"Leer (East Friesland)","Germany",1
"Legahory","United Kingdom",1
"Legnica","Poland",1
"Lehigh Acres","United States",1
"Leichlingen (Rheinland)","Germany",1
"Leitchfield","United States",1
"Leith","United Kingdom",1
"Lemiers","Netherlands",1
"Lemington","United Kingdom",1
"Lenoir City","United States",1
"Lenox","United States",1
"Lenti","Hungary",1
"Leobersdorf","Austria",1
"Leonay","Australia",1
"Leonding","Austria",1
"Leonia","United States",1
"Leopoldsdorf","Austria",1
"Lequeitio","Spain",1
"Letenye","Hungary",1
"Lethbridge County","Canada",1
"Levallois-Perret","France",1
"Levin","New Zealand",1
"Lewiston","United States",1
"Lewiston Orchards","United States",1
"Lexia","Australia",1
"Lhindos","Greece",1
"Liberty Hill","United States",1
"Liberty Lake (Greenacres)","United States",1
"Liberty Twp","United States",1
"Lida","Belarus",1
"Liepāja","Latvia",1
"Liffré","France",1
"Ligonier","United States",1
"Lihue","United States",1
"Liivoja","Estonia",1
"Lillehammer","Norway",1
"Lillington","United States",1
"Limerick","United States",1
"Lincoln","Canada",1
"Lincoln University","United States",1
"Lincolnshire","United States",1
"Linden Park","United States",1
"Lindon","United States",1
"Lindsay","United States",1
"Linstock","United Kingdom",1
"Linwood","United States",1
"Linz","Austria",1
"Lipetsk","Russia",1
"Lipník nad Bečvou","Czechia",1
"Lisarow","Australia",1
"Litchfield","United States",1
"Litherland","United Kingdom",1
"Little Basing","United Kingdom",1
"Little Bay","Australia",1
"Little Eaton","United Kingdom",1
"Little Elm","United States",1
"Little Mountain","Australia",1
"Little Neston","United Kingdom",1
"Littlethorpe","United Kingdom",1
"Litvínovice","Czechia",1
"Liversedge","United Kingdom",1
"Livingston Township","United States",1
"Lizella","United States",1
"Llandrillo-yn-Rhôs","United Kingdom",1
"Llandudno Junction","United Kingdom",1
"Loa Janan Ilir","Indonesia",1
"Lochau","Austria",1
"Lochyside","United Kingdom",1
"Lockbourne","United States",1
"Lodz","Poland",1
"Logan Central","Australia",1
"Loganholme","Australia",1
"Logansport","United States",1
"Lohkva","Estonia",1
"Lokhovskoye","Russia",1
"Lomas de Guevara","Mexico",1
"Lompoc","United States",1
"London","United States",1
"Long Bay","New Zealand",1
"Long Branch","United States",1
"Long Eaton","United Kingdom",1
"Long Melford","United Kingdom",1
"Long Neck","United States",1
"Long Reach","United States",1
"Long Sandall","United Kingdom",1
"Longbenton","United Kingdom",1
"Longdendale","United Kingdom",1
"Longford","Australia",1
"Longmeadow","United States",1
"Longniddry","United Kingdom",1
"Longreach","Australia",1
"Longrock","United Kingdom",1
"Longview","United States",1
"Longwood","United States",1
"Loon Lake","United States",1
"Lopatino","Russia",1
"Lopik","Netherlands",1
"Los Abrigos","Spain",1
"Lothian","United States",1
"Loviisa","Finland",1
"Low Prudhoe","United Kingdom",1
"Lowell","United States",1
"Lower Allen","United States",1
"Lower Broughshane","United Kingdom",1
"Lower Clover Basin","United States",1
"Lower Frederick Township","United States",1
"Lower Paxton","United States",1
"Lower Plenty","Australia",1
"Lower Rattlesnake","United States",1
"Lower Southampton Township","United States",1
"Lowokwaru","Indonesia",1
"Loxahatchee","United States",1
"Loxahatchee Groves","United States",1
"Loxton","Australia",1
"Lucas","Australia",1
"Luga","Russia",1
"Luisant","France",1
"Lummen","Belgium",1
"Lunner","Norway",1
"Luqa (Malta)","Malta",1
"Luque","Paraguay",1
"Luray","United States",1
"Lutherville-Timonium","United States",1
"Lučenec","Slovakia",1
"Lviv","Ukraine",1
"Lychpit","United Kingdom",1
"Lyndon","United States",1
"Lyngdal","Norway",1
"Lynnfield","United States",1
"Lyons","Australia",1
"Lysterfield","Australia",1
"Lytchett Minster","United Kingdom",1
"Lyttleton","New Zealand",1
"Lyulin","Bulgaria",1
"Långshyttan","Sweden",1
"Löttorp","Sweden",1
"L’Assomption","Canada",1
"L’Hermitage","France",1
"Macdonald Park","Australia",1
"Machesney Park","United States",1
"Mackay Harbour","Australia",1
"Maclean","Australia",1
"Maddington","Australia",1
"Made","Netherlands",1
"Maeser","United States",1
"Magdeburg","Germany",1
"Magstadt","Germany",1
"Mahomet","United States",1
"Maida Vale","Australia",1
"Main Beach","Australia",1
"Maitland","United States",1
"Majura","Australia",1
"Maketu","New Zealand",1
"Malartic","Canada",1
"Malden","United States",1
"Malinska","Croatia",1
"Mallacoota","Australia",1
"Mallard Pond","United States",1
"Malvern","United States",1
"Manahawkin","United States",1
"Manaia","New Zealand",1
"Manassas","United States",1
"Mandal","Norway",1
"Mandan","United States",1
"Mandeville","United States",1
"Mandonga","Indonesia",1
"Mandurah","Australia",1
"Mangawhai Heads","New Zealand",1
"Manila","Philippines",1
"Manistee","United States",1
"Manistee Township","United States",1
"Manitowoc","United States",1
"Mankato Township","United States",1
"Manly","New Zealand",1
"Manly West","Australia",1
"Manning","United States",1
"Manoora","Australia",1
"Manteo","United States",1
"Mantua","United States",1
"Manunda","Australia",1
"Manvel","United States",1
"Manvers","United Kingdom",1
"Manzhouli","China",1
"Maple Lake","United States",1
"Mapleridge","United States",1
"Mapleton","Canada",1
"Marblehill","United States",1
"Marco","United States",1
"Marcoola","Australia",1
"Marcy","United States",1
"Mardi","Australia",1
"Mareeba","Australia",1
"Margate","United States",1
"Marian","Australia",1
"Marieholm","Sweden",1
"Marina del Rey","United States",1
"Marinette","United States",1
"Marmaduke","United States",1
"Marnellsmeadows","Ireland",1
"Marquette Township","United States",1
"Marquina","Spain",1
"Marratxí","Spain",1
"Marrickville","Australia",1
"Marriottsville","United States",1
"Marsa (Malta)","Malta",1
"Marsaxlokk (Malta)","Malta",1
"Marsfield","Australia",1
"Marshall","United States",1
"Martell","United States",1
"Marton","New Zealand",1
"Marulan","Australia",1
"Maryburgh","United Kingdom",1
"Maryhill & Kelvin","United Kingdom",1
"Maryland Heights","United States",1
"Mascoutah","United States",1
"Mason City","United States",1
"Massena","United States",1
"Matakana","New Zealand",1
"Mataram","Indonesia",1
"Matarangi","New Zealand",1
"Mataró","Spain",1
"Matraville","Australia",1
"Matraville ","Australia",1
"Matriz","Portugal",1
"Mattawa","Canada",1
"Mattawa","United States",1
"Mattersburg","Austria",1
"Maudsland","Australia",1
"Maurepas","United States",1
"Mauston","United States",1
"Maximo","United States",1
"Mayer","United States",1
"Mayfield","United States",1
"Mayma-Chergachak","Russia",1
"Maynooth","Ireland",1
"Maytown","United States",1
"Mayville","United States",1
"Mazkeret Batya","Israel",1
"Mazraat Beit Ech Cheaar","Lebanon",1
"McAdenville","United States",1
"McAlester","United States",1
"McBryde","United States",1
"McCalla","United States",1
"McConnelsville","United States",1
"McHenry","United States",1
"McKinleyville","United States",1
"McNair","United States",1
"McPherson","United States",1
"Mccrae","Australia",1
"Mchafukoge","Tanzania",1
"Mckellar","Australia",1
"Mdina (Malta)","Malta",1
"Meadow Heights","Australia",1
"Meadowbrook","Australia",1
"Meadowbrook Heights","United States",1
"Meadowmont","United States",1
"Mecca","United States",1
"Medan Kota Belawan","Indonesia",1
"Medbourne","United Kingdom",1
"Medfield","United States",1
"Medowie","Australia",1
"Mejicanos","El Salvador",1
"Melrose","United Kingdom",1
"Melrose Park","Australia",1
"Memphis","United States",1
"Menai","Australia",1
"Menai Bridge","United Kingdom",1
"Mendon","United States",1
"Menominee Falls","United States",1
"Merchantville","United States",1
"Meredith","United States",1
"Merewether","Australia",1
"Meridan Plains","Australia",1
"Meridian Inernational Business Center","United States",1
"Merimbula","Australia",1
"Merriam","United States",1
"Merrill","United States",1
"Merrimac","United States",1
"Mertert","Luxembourg",1
"Merton","United States",1
"Mesick","United States",1
"Metairie Terrace","United States",1
"Meteren","Netherlands",1
"Metford","Australia",1
"Metro West","United States",1
"Mgulani","Tanzania",1
"Miami Shores","United States",1
"Miamisburg","United States",1
"Michałowice","Poland",1
"Mickleham","Australia",1
"Middle Island","United States",1
"Middle Park","Australia",1
"Middle Ridge","Australia",1
"Middle Smithfield Township","United States",1
"Middlehaven","United Kingdom",1
"Middlesboro","United States",1
"Midland","Canada",1
"Miedzyzdroje","Poland",1
"Mikhaylovka","Russia",1
"Mikhnovskoye","Russia",1
"Milford","United States",1
"Mill Creek","United States",1
"Mill Spring","United States",1
"Millarston","United Kingdom",1
"Milledgeville","United States",1
"Miller Farms","United States",1
"Millersville","United States",1
"Millicent","Australia",1
"Mills River","United States",1
"Milton Bridge","United Kingdom",1
"Minden","United States",1
"Minot","United States",1
"Minto Plantation","United States",1
"Minusinsk","Russia",1
"Mira-Sintra","Portugal",1
"Miraflores","Mexico",1
"Mirfield","United Kingdom",1
"Mishkovo-Pohorilivska silska rada","Ukraine",1
"Mishmar Hasharon","Israel",1
"Mishmarot","Israel",1
"Mission Bay","United States",1
"Mississippi Mills","Canada",1
"Mitchelston Industrial Estate","United Kingdom",1
"Miyako","Japan",1
"Moana","Australia",1
"Mocksville","United States",1
"Modbury North","Australia",1
"Moen","Norway",1
"Mollymook","Australia",1
"Molodezhnoye","Russia",1
"Molėtai","Lithuania",1
"Monaco (Monaco)","Monaco",1
"Monash","Australia",1
"Monbrief","United Kingdom",1
"Moncks Corner","United States",1
"Monee","United States",1
"Monfalcone","Italy",1
"Monkton","United Kingdom",1
"Monona","United States",1
"Monserrato","Italy",1
"Mont-Joli","Canada",1
"Montague","Canada",1
"Montana","Bulgaria",1
"Montana City","United States",1
"Montbonnot-Saint-Martin","France",1
"Montecito","United States",1
"Montgat","Spain",1
"Montmagny","Canada",1
"Montréal","Canada",1
"Montview","United States",1
"Monument","United States",1
"Moolap","Australia",1
"Mooloolaba","Australia",1
"Moon Township","United States",1
"Mooney Mooney","Australia",1
"Moorebank","Australia",1
"Mooroobool","Australia",1
"Moose Lake","United States",1
"Mordialloc","Australia",1
"Morecambe","United Kingdom",1
"Moree","Australia",1
"Morisset","Australia",1
"Morisset Park","Australia",1
"Moriyama City","Japan",1
"Morningside","United States",1
"Morningside Park","United States",1
"Mororo","Australia",1
"Morphettville","Australia",1
"Morrisburg","Canada",1
"Mortensen-Garson","United States",1
"Mosinee","United States",1
"Mostar","Bosnia and Herzegovina",1
"Motueka","New Zealand",1
"Mouazé","France",1
"Mounds View","United States",1
"Mount Aetna","United States",1
"Mount Austin","Australia",1
"Mount Barker","Australia",1
"Mount Coolum","Australia",1
"Mount Coot-Tha","Australia",1
"Mount Eliza","Australia",1
"Mount Helen","Australia",1
"Mount Isa City","Australia",1
"Mount Martha","Australia",1
"Mount Orab","United States",1
"Mount Pearl","Canada",1
"Mount Pleasant","Australia",1
"Mount Rainier","United States",1
"Mount St John","Australia",1
"Mount Sterling","United States",1
"Mount Stewart","Canada",1
"Mount Warrigal","Australia",1
"Mount Washington","United States",1
"Mountain Brook","United States",1
"Mountainside","United States",1
"Mountville","United States",1
"Mowbray","Australia",1
"Moxee","United States",1
"Msida (Malta)","Malta",1
"Mtarfa (Malta)","Malta",1
"Mtoni","Tanzania",1
"Mudgeeraba","Australia",1
"Muirhead","Australia",1
"Muirlea","Australia",1
"Mukachëvo","Ukraine",1
"Mukilteo","United States",1
"Mukwonago","United States",1
"Mulberry","United States",1
"Mulbring","Australia",1
"Mumbai","India",1
"Munaylinskiy rayon","Kazakhstan",1
"Muncy","United States",1
"Munising","United States",1
"Munruben","Australia",1
"Munster","Australia",1
"Munster","United States",1
"Murayama City","Japan",1
"Murphy Creek","United States",1
"Murray","United States",1
"Murray Bridge","Australia",1
"Murrayville","United States",1
"Murrells Inlet","United States",1
"Murrumba Downs","Australia",1
"Murska Sobota","Slovenia",1
"Murton","United Kingdom",1
"Muskegon Township","United States",1
"Mutitjulu","Australia",1
"Mysłowice","Poland",1
"Málzaga","Spain",1
"Måløv","Denmark",1
"Míkonos","Greece",1
"Münster","Germany",1
"Mỹ An","Vietnam",1
"Nabiac","Australia",1
"Nachalovo","Russia",1
"Nacka Strand","Sweden",1
"Nagai City","Japan",1
"Nagyatád","Hungary",1
"Nagylak","Hungary",1
"Nahal Ginat","West Bank",1
"Nairn","United Kingdom",1
"Nairobi","Kenya",1
"Nakskov","Denmark",1
"Nambour","Australia",1
"Namgu","South Korea",1
"Nan'gang District","China",1
"Nan-t’ou","Taiwan",1
"Nanango","Australia",1
"Nantes","Canada",1
"Naperville","United States",1
"Nar Nar Goon North","Australia",1
"Naranja","United States",1
"Narara","Australia",1
"Narellan Vale","Australia",1
"Narragansett","United States",1
"Narva","Estonia",1
"Nathan","Australia",1
"National City","United States",1
"Natomas","United States",1
"Navarre","United States",1
"Nazca","Peru",1
"Neder-Hardinxveld","Netherlands",1
"Nederland","United States",1
"Negotin","Serbia",1
"Nelson Bay","Australia",1
"Nelsonville","United States",1
"Nemakščiai","Lithuania",1
"Neosho","United States",1
"Neponsit","United States",1
"Nereta","Latvia",1
"Netley","United Kingdom",1
"Nettetal","Germany",1
"Neunkirchen","Austria",1
"New Auckland","Australia",1
"New Baltimore","United States",1
"New Berrima","Australia",1
"New Braunfels","United States",1
"New Britain","United States",1
"New Carlisle","United States",1
"New Earswick","United Kingdom",1
"New Farm","Australia",1
"New Iberia","United States",1
"New Lambton","Australia",1
"New Marske","United Kingdom",1
"New Milford","United States",1
"New Oxford","United States",1
"New Richmond","Canada",1
"New Richmond","United States",1
"New Riegel","United States",1
"New Salem","United States",1
"New Town","United Kingdom",1
"New Westminster","Canada",1
"New Wilmington","United States",1
"Newark-on-Trent","United Kingdom",1
"Newburgh","United States",1
"Newby West","United Kingdom",1
"Newfield Hamlet","United States",1
"Newington","Australia",1
"Newington","United States",1
"Newmarket-on-Fergus","Ireland",1
"Newpark Lower","Ireland",1
"Newport","United Kingdom",1
"Newport ","Australia",1
"Newport Beach","United States",1
"Newton","United Kingdom",1
"Newton Grove","United States",1
"Newton of Petty","United Kingdom",1
"Newtown","United States",1
"Newtown Square","United States",1
"Ngaruawahia","New Zealand",1
"Niantic","United States",1
"Nibley","United States",1
"Nice","United States",1
"Nielles-lès-Calais","France",1
"Nigg","United Kingdom",1
"Nijswiller","Netherlands",1
"Nin","Croatia",1
"Nir Israel","Israel",1
"Nisswa","United States",1
"Niverville","Canada",1
"Nogales","United States",1
"Nolans Ridge","United States",1
"Nora","Sweden",1
"Noraville","Australia",1
"Normal","United States",1
"Normandy","United States",1
"Norra Tallvik","Sweden",1
"North Andover","United States",1
"North Atlanta","United States",1
"North Avondale","United States",1
"North Balgowlah","Australia",1
"North Baltimore","United States",1
"North Bay","Canada",1
"North Bendigo","Australia",1
"North Bergen","United States",1
"North Boambee Valley","Australia",1
"North Castle","United States",1
"North Chicago","United States",1
"North Conway","United States",1
"North Falmouth","United States",1
"North Fork","United States",1
"North Fort Myers","United States",1
"North Geelong","Australia",1
"North Harford","United States",1
"North Haven","United States",1
"North Kingstown","United States",1
"North Leeds","United States",1
"North Lima","United States",1
"North Lincoln Street","United States",1
"North Logan","United States",1
"North Loose","United Kingdom",1
"North Maclean","Australia",1
"North Milford Historic District","United States",1
"North Narrabeen","Australia",1
"North Nowra","Australia",1
"North Perth (Listowel)","Canada",1
"North Plymouth","United States",1
"North Port","United States",1
"North Potomac","United States",1
"North Richmond","Australia",1
"North Seaton","United Kingdom",1
"North Stonington","United States",1
"North Turramurra","Australia",1
"North Vancouver","Canada",1
"North Ward","Australia",1
"North Wilkesboro","United States",1
"Northboro Park Historic District","United States",1
"Northern Gateway","United Kingdom",1
"Northglenn","United States",1
"Northlake","United States",1
"Northside","United States",1
"Northside Park","United States",1
"Northwest","United States",1
"Northwood","United States",1
"Norwalk","United States",1
"Norway","United States",1
"Norwich","United States",1
"Norwood","United Kingdom",1
"Norwood Young America","United States",1
"Notre Dame","United States",1
"Novokuybyshevsk","Russia",1
"Novorossiysk","Russia",1
"Nurmijärvi","Finland",1
"Nyborg","Denmark",1
"Nymölla","Sweden",1
"Nyvång","Sweden",1
"Närlunda","Sweden",1
"Närpes","Finland",1
"Næstved","Denmark",1
"Nördlingen","Germany",1
"Nørresundby","Denmark",1
"Năvodari","Romania",1
"Oak Bluff","Canada",1
"Oak Bluffs","United States",1
"Oak Creek/Cudahy","United States",1
"Oak Forest","United States",1
"Oak Grove","United States",1
"Oak Ridge","United States",1
"Oakbank","Canada",1
"Oakland Park District","United States",1
"Oakland Township","United States",1
"Oakleaf Plantation","United States",1
"Oakleigh South","Australia",1
"Oakridge","United States",1
"Oakville","United States",1
"Oban","United Kingdom",1
"Oberon","Australia",1
"Ob’","Russia",1
"Ocean Isle","United States",1
"Ocean Pointe","United States",1
"Ocean Shores","Australia",1
"Ocean Shores","United States",1
"Ocoee Crown Point","United States",1
"Odenslunda","Sweden",1
"Odessa","Canada",1
"Oebobo","Indonesia",1
"Ohaupo","New Zealand",1
"Okato","New Zealand",1
"Okemos","United States",1
"Olaine","Latvia",1
"Old Beach","Australia",1
"Old Hartley","United Kingdom",1
"Old Hopland","United States",1
"Old Jamestown","United States",1
"Old Noarlunga","Australia",1
"Old Stratford","United Kingdom",1
"Old Town College Park","United States",1
"Oldcastle","Canada",1
"Olds","Canada",1
"Olive Branch","United States",1
"Olivehurst","United States",1
"Oljato-Monument Valley","United States",1
"Olmeto","France",1
"Olmos Park","United States",1
"Ommel","Netherlands",1
"Onekawa","New Zealand",1
"Ongar","United Kingdom",1
"Ooralea","Australia",1
"Oostvoorne","Netherlands",1
"Oradea","Romania",1
"Orange County Great Park","United States",1
"Orange Township","United States",1
"Orbost","Australia",1
"Orchidlands Estates","United States",1
"Oregon City","United States",1
"Orel","Russia",1
"Orelia","Australia",1
"Orinda","United States",1
"Orio","Spain",1
"Orje","Norway",1
"Orland Park","United States",1
"Orleans","United States",1
"Orlová","Czechia",1
"Ormskirk","United Kingdom",1
"Oro Valley","United States",1
"Oronoco","United States",1
"Orpington","United Kingdom",1
"Orsk","Russia",1
"Osceola","United States",1
"Osgood","United States",1
"Osijek","Croatia",1
"Oskaloosa","United States",1
"Osman-Yurt","Russia",1
"Ossett","United Kingdom",1
"Osshad","United States",1
"Ossipee","United States",1
"Othello","United States",1
"Ottershaw","United Kingdom",1
"Outwood East","United Kingdom",1
"Outwood West","United Kingdom",1
"Ovar","Portugal",1
"Owen Sound","Canada",1
"Owensboro","United States",1
"Oxelösund","Sweden",1
"Oxley Vale","Australia",1
"Oxted","United Kingdom",1
"Oyster Bay","United States",1
"Oyster Bed Bridge","Canada",1
"Ozolnieki","Latvia",1
"O’Leary","Canada",1
"Pace","United States",1
"Pacific Paradise","Australia",1
"Padang Timur","Indonesia",1
"Paddington","Australia",1
"Padstow","Australia",1
"Paengaroa","New Zealand",1
"Paeonian Springs","United States",1
"Pagani","Italy",1
"Page","United States",1
"Paget","Australia",1
"Pahoa","United States",1
"Palha Verde","Cape Verde",1
"Palm Beach","Australia",1
"Palm Beach","United States",1
"Palm Cove","Australia",1
"Palmdale","United States",1
"Palmerston City","Australia",1
"Palmetto Dunes","United States",1
"Palmview","Australia",1
"Palmwoods","Australia",1
"Paloma del Sol","United States",1
"Palomares del Río","Spain",1
"Pambula","Australia",1
"Pamelia","United States",1
"Panama City","United States",1
"Panania","Australia",1
"Pandora","New Zealand",1
"Paneriai","Lithuania",1
"Pantops","United States",1
"Pančevo","Serbia",1
"Paola","United States",1
"Paphos","Cyprus",1
"Paradise Island","The Bahamas",1
"Paraparaumu","New Zealand",1
"Parikkala","Finland",1
"Park Avenue","Australia",1
"Park Grove","Australia",1
"Park Hills","United States",1
"Park Lane","United States",1
"Park Orchards","Australia",1
"Park Rapids","United States",1
"Parkchester","United States",1
"Parkinson","Australia",1
"Parklands","United Kingdom",1
"Parkstone","United States",1
"Parkwood","Australia",1
"Parmelia","Australia",1
"Parndorf","Austria",1
"Parque Lefevre","Panama",1
"Pasar Kliwon District","Indonesia",1
"Pasay","Philippines",1
"Pascagoula","United States",1
"Pasiano di Pordenone","Italy",1
"Paso Carrasco","Uruguay",1
"Patterson","United States",1
"Pauma Valley","United States",1
"Pavlos Melas","Greece",1
"Paynesville","Australia",1
"Pazardzhik","Bulgaria",1
"Peace River","Canada",1
"Peach Bottom","United States",1
"Peachtree Corners","United States",1
"Pearl","United States",1
"Pearl Harbor Naval Base (Ford Island)","United States",1
"Pearl River","United States",1
"Pelican Bay","United States",1
"Pelican Point","Australia",1
"Pelotas","Brazil",1
"Pemberton","Canada",1
"Pemulwuy","Australia",1
"Pendergrass","United States",1
"Penfield Gardens","Australia",1
"Penmark","United Kingdom",1
"Pennington","United States",1
"Peosta","United States",1
"Pepperell","United States",1
"Perai","Malaysia",1
"Perdido Key","United States",1
"Pernik","Bulgaria",1
"Perris","United States",1
"Perry","United States",1
"Perry Township","United States",1
"Perryolpolis","United States",1
"Perryville","United States",1
"Pershing","United States",1
"Perstorp","Sweden",1
"Peru","United States",1
"Perumahan Negara Lambak Kanan Kawasan 5","Brunei",1
"Petaling Jaya","Malaysia",1
"Peterborough","Canada",1
"Peterborough","United Kingdom",1
"Petersburg","United States",1
"Petreto-Bicchisano","France",1
"Petržalka","Slovakia",1
"Phelps","United States",1
"Phra Nakhon","Thailand",1
"Phường Dịch Vọng Hậu","Vietnam",1
"Phường Tam Hòa","Vietnam",1
"Piaseczno","Poland",1
"Piastów","Poland",1
"Pickerington","United States",1
"Picton","Australia",1
"Picton","Canada",1
"Piedade","Portugal",1
"Piekary Śląskie","Poland",1
"Pieszyce","Poland",1
"Pikesville","United States",1
"Pilisvörösvár","Hungary",1
"Pilsen","Czechia",1
"Pilton","United Kingdom",1
"Pimlico","Australia",1
"Pincher Creek","Canada",1
"Pinckneyville","United States",1
"Pine Bluff","United States",1
"Pine Ridge","United States",1
"Pineapple Grove Arts District","United States",1
"Pineapple Park - Ibis","United States",1
"Pinecrest West Park","United States",1
"Pinjarra","Australia",1
"Pinneberg","Germany",1
"Pioneer Meadows","United States",1
"Pionerskoye","Russia",1
"Piqua","United States",1
"Pirates Beach","United States",1
"Piscataway Township","United States",1
"Pistoia","Italy",1
"Pittsfield","United States",1
"Pixbo","Sweden",1
"Plain Townsihp","United States",1
"Plano","United States",1
"Plantation Place","United States",1
"Plast","Russia",1
"Plateau","United States",1
"Platten","Germany",1
"Plattsburgh","United States",1
"Plattsmouth","United States",1
"Pleak","United States",1
"Pleasant Dale","United States",1
"Pleasant Hills","United States",1
"Pleasant Township","United States",1
"Pleasant View","United States",1
"Pocollay District","Peru",1
"Pocopscon Township","United States",1
"Pohořelice","Czechia",1
"Point Lookout","United States",1
"Point Vernon","Australia",1
"Point of Rocks","United States",1
"Pointe-Lebel","Canada",1
"Pojoaque","United States",1
"Pokeno","New Zealand",1
"Polatsk","Belarus",1
"Polk","United States",1
"Polk City","United States",1
"Polmont","United Kingdom",1
"Polychrome Historic District","United States",1
"Pomona","United States",1
"Pompano Beach","United States",1
"Pompei","Italy",1
"Pomáz","Hungary",1
"Ponchatoula","United States",1
"Ponsharden","United Kingdom",1
"Ponte Buggianese","Italy",1
"Pontianak Tenggara","Indonesia",1
"Pontville","Australia",1
"Pontybrenin","United Kingdom",1
"Poplar","United States",1
"Poplar Bluff","United States",1
"Port Adelaide","Australia",1
"Port Augusta","Australia",1
"Port Chester","United States",1
"Port Clarence","United Kingdom",1
"Port Coquitlam","Canada",1
"Port Denison","Australia",1
"Port Elgin","Canada",1
"Port Hawkesbury","Canada",1
"Port Hueneme","United States",1
"Port Huron","United States",1
"Port Kennedy","Australia",1
"Port Matilda","United States",1
"Port Moody","Canada",1
"Port Noarlunga South","Australia",1
"Port Of Brisbane","Australia",1
"Port Richey","United States",1
"Port Washington","United States",1
"Porto Alegre","Brazil",1
"Porto Salvo","Portugal",1
"Portsea","Australia",1
"Portsmith","Australia",1
"Potomac Heights","United States",1
"Powder Springs","United States",1
"Powell","United States",1
"Poysdorf","Austria",1
"Prairie Township","United States",1
"Prairie Village","United States",1
"Prather","United States",1
"Prebbleton","New Zealand",1
"Prenton","United Kingdom",1
"Presidio","United States",1
"Presov","Slovakia",1
"Preston Farm Industrial Estate","United Kingdom",1
"Preston Patrick","United Kingdom",1
"Prestonpans","United Kingdom",1
"Preßbaum","Austria",1
"Prince George","Canada",1
"Princess Ann Plaza","United States",1
"Princess Anne","United States",1
"Princeton Junction","United States",1
"Prineville","United States",1
"Pristina","Kosovo",1
"Pritchardville","United States",1
"Prospect","Australia",1
"Prospect","United States",1
"Prospect Heights","United States",1
"Providence Forge","United States",1
"Provoo","United States",1
"Pruszcz Gdański","Poland",1
"Puchong","Malaysia",1
"Pudasjärvi","Finland",1
"Puebla de Sancho Pérez","Spain",1
"Puerto Montt","Chile",1
"Puerto Villamil","Ecuador",1
"Pukalani","United States",1
"Pukekohe","New Zealand",1
"Pulaski","United States",1
"Pullenvale","Australia",1
"Pune","India",1
"Punta Arenas","Chile",1
"Punta Gorda","United States",1
"Punta del Este","Uruguay",1
"Puyallup","United States",1
"Pyecombe","United Kingdom",1
"Pyes Pā","New Zealand",1
"Púchov","Slovakia",1
"Přerov","Czechia",1
"Qesm El Agoza","Egypt",1
"Quail Ridge","United States",1
"Quakertown","United States",1
"Qualiano","Italy",1
"Quantico Base","United States",1
"Quarry Hill","Australia",1
"Quartucciu","Italy",1
"Queanbeyan East","Australia",1
"Queanbeyan West","Australia",1
"Queens","Canada",1
"Queenstown","United States",1
"Queijas","Portugal",1
"Queluz","Portugal",1
"Quinton","United States",1
"Quito","Ecuador",1
"Quogue","United States",1
"Québec","Canada",1
"Raanana","Israel",1
"Raby","Australia",1
"Racecourse","Australia",1
"Radcliffe","United Kingdom",1
"Radford","United States",1
"Radium Hot Springs","Canada",1
"Radkersburg","Austria",1
"Railway Estate","Australia",1
"Rainbow Beach","Australia",1
"Raisin","United States",1
"Ramara","Canada",1
"Rancho Santa Margarita","United States",1
"Randaberg","Norway",1
"Randers","Denmark",1
"Rathdrum","United States",1
"Rathmines","Australia",1
"Rathmullan","Ireland",1
"Ratho Station","United Kingdom",1
"Ravensthorpe","Australia",1
"Rawa Mazowiecka","Poland",1
"Raymond","United States",1
"Rayville","United States",1
"Rača","Slovakia",1
"Reading","United States",1
"Recife","Brazil",1
"Red Cliffs","Australia",1
"Red Deer ","Canada",1
"Red Head","Australia",1
"Red Lodge","United States",1
"Redan","United States",1
"Redbank","Australia",1
"Redhead ","Australia",1
"Redhill","United Kingdom",1
"Redhills","United Kingdom",1
"Redland","United States",1
"Redondo Beach","United States",1
"Reid","Australia",1
"Reile's Acres","United States",1
"Reims","France",1
"Renfrew","United Kingdom",1
"Renmark","Australia",1
"Rensselaer","United States",1
"Reopalu","Estonia",1
"Retie","Belgium",1
"Rexburg","United States",1
"Rhinelander","United States",1
"Rhyll","Australia",1
"Ribeira Funda","Cape Verde",1
"Ribnica","Serbia",1
"Richfield Township","United States",1
"Richmond Township","United States",1
"Ridgecrest","United States",1
"Ridgedale Park","United States",1
"Ridgeland","United States",1
"Ridgeway","United States",1
"Riedlingsdorf","Austria",1
"Rigby","United States",1
"Rijeka","Croatia",1
"Rineyville","United States",1
"Ringkøbing","Denmark",1
"Ringwood North","Australia",1
"Rio","United States",1
"Rio Grande","Brazil",1
"Rio Puerco","United States",1
"Rio Vista","United States",1
"Rio de Mouro","Portugal",1
"Ripley","Australia",1
"Risdon","Australia",1
"Risdon Park","Australia",1
"Risdon Vale","Australia",1
"Rising Sun","United States",1
"Risør","Norway",1
"Rittenhouse","United States",1
"Ritz Carlton","United States",1
"River Grove","United States",1
"River Terrace","United States",1
"Riverhead","New Zealand",1
"Riverside","United Kingdom",1
"Riverside at Somersett","United States",1
"Riverstone","Australia",1
"Rivervale","Australia",1
"Riverview","Australia",1
"Rivière-du-Loup","Canada",1
"Rivne","Ukraine",1
"Rochedale South","Australia",1
"Rochester","Australia",1
"Rochester Township","United States",1
"Rockingham","Australia",1
"Rockland","United States",1
"Rocky Point","Australia",1
"Rodanthe","United States",1
"Roebling","United States",1
"Rohnert Park","United States",1
"Rokietnica","Poland",1
"Roma","Australia",1
"Romeira","Portugal",1
"Ronchi dei Legionari","Italy",1
"Roopville","United States",1
"Roosevelt Estates","United States",1
"Rorschach","Switzerland",1
"Rosario","Argentina",1
"Rose","Italy",1
"Rosebery","Australia",1
"Rosedale","Australia",1
"Rosedale","New Zealand",1
"Rosemont","United States",1
"Rosenberg","United States",1
"Rosewood","Australia",1
"Rosharon","United States",1
"Roslags Näsby","Sweden",1
"Ross","Australia",1
"Ross Township","United States",1
"Rossum","Netherlands",1
"Rothesay","United Kingdom",1
"Round Lake","United States",1
"Round Rock","United States",1
"Roundswell Business Park","United Kingdom",1
"Rowlett","United States",1
"Rowley Downs","United States",1
"Roxboro","United States",1
"Ruakaka","New Zealand",1
"Rubicon","United States",1
"Rubonia","United States",1
"Rubí","Spain",1
"Rudds Gully","Australia",1
"Rudkøbing","Denmark",1
"Rue","United States",1
"Ruggell","Liechtenstein",1
"Ruma","Serbia",1
"Rural Hall","United States",1
"Ruse","Australia",1
"Ruskin Heights","United States",1
"Rutherford","United States",1
"Rutland","United States",1
"Ružomberok","Slovakia",1
"Rybnik","Poland",1
"Rye","Australia",1
"Rye","United States",1
"Rye Brook","United States",1
"Råsunda","Sweden",1
"Rönninge","Sweden",1
"Rødovre","Denmark",1
"Røros","Norway",1
"Rēzekne","Latvia",1
"Sabadell","Spain",1
"Sacavém","Portugal",1
"Sachse","United States",1
"Saddle Rock East","United States",1
"Safford","United States",1
"Saffron Walden","United Kingdom",1
"Safra","Lebanon",1
"Saggart","Ireland",1
"Saginaw","United States",1
"Saint Clair","United States",1
"Saint George","United States",1
"Saint John","Canada",1
"Saint Julian's (Malta)","Malta",1
"Saint Leonard","United States",1
"Saint Louis","United States",1
"Saint Michaels","United Kingdom",1
"Saint Paul","United States",1
"Saint Pauls","United Kingdom",1
"Saint Petersburg","Russia",1
"Saint-Augustin-de-Desmaures","Canada",1
"Saint-Geours-de-Maremne","France",1
"Saint-Gédéon","Canada",1
"Saint-Irénée","Canada",1
"Saint-Jacques","Canada",1
"Saint-Joseph-du-Lac","Canada",1
"Saint-Julien-lès-Metz","France",1
"Saint-Jérôme","Canada",1
"Saint-Pée-sur-Nivelle","France",1
"Sainte-Agathe-des-Monts","Canada",1
"Sainte-Julie","Canada",1
"Salaberry-de-Valleyfield","Canada",1
"Salem Township","United States",1
"Salgótarján","Hungary",1
"Saline","United States",1
"Salisbury","Australia",1
"Salisbury Downs","Australia",1
"Salisbury East","Australia",1
"Salisbury Heights","Australia",1
"Salisbury South","Australia",1
"Salome","United States",1
"Salt Ash","Australia",1
"Salt Lake","United States",1
"Salt Lick","United States",1
"Saltsjöbaden","Sweden",1
"Saluda","United States",1
"Samarqand","Uzbekistan",1
"Samford Village","Australia",1
"Samora Correia","Portugal",1
"Samouco","Portugal",1
"San Anselmo","United States",1
"San Canzian d'Isonzo","Italy",1
"San Daniele del Friuli","Italy",1
"San Dorligo della Valle","Italy",1
"San Francisco State University","United States",1
"San Giovanni Suergiu","Italy",1
"San Isidro","Peru",1
"San Jose","United States",1
"San Juan Bautista","United States",1
"San Martín de Porres","Peru",1
"San Pedro de la Paz","Chile",1
"San Rafael","United States",1
"Sanctuary Point","Australia",1
"Sandakan","Malaysia",1
"Sandersville","United States",1
"Sandhurst","Australia",1
"Sandusky","United States",1
"Sandwich","United States",1
"Sandy Ridge","United States",1
"Sangaree","United States",1
"Sankt Kanzian am Klopeiner See","Austria",1
"Sankt Michael in Obersteiermark","Austria",1
"Santa Clara","Portugal",1
"Santa Clarita","United States",1
"Santa Margarida da Serra","Portugal",1
"Santa Maria da Graça","Portugal",1
"Santa María","Spain",1
"Santa Monica","United States",1
"Santa Suzana","Portugal",1
"Santa Teresa","United States",1
"Santee","United States",1
"Santiago del Teide","Spain",1
"Santo Domingo Oeste","Dominican Republic",1
"Sarajevo","Bosnia and Herzegovina",1
"Sarapul","Russia",1
"Sauga","Estonia",1
"Saugus","United States",1
"Sausalito","United States",1
"Saxtorp","Sweden",1
"Sayers Common","United Kingdom",1
"Scandicci","Italy",1
"Scarborough","United Kingdom",1
"Schattenhalb","Switzerland",1
"Schoonebeek","Netherlands",1
"Schwenksville","United States",1
"Scio Township","United States",1
"Scio Township ","United States",1
"Scituate","United States",1
"Scoresby","Australia",1
"Scotchtown","United States",1
"Scotts Hill","United States",1
"Seabeck","United States",1
"Seabrook","Australia",1
"Seabrook","United States",1
"Seacliff","Australia",1
"Seaton Burn","United Kingdom",1
"Seaton Delaval","United Kingdom",1
"Seberang Ulu I","Indonesia",1
"Secaucus","United States",1
"Security-Widefield","United States",1
"Sedalia","United States",1
"Sedgefield","United Kingdom",1
"Seghill","United Kingdom",1
"Sel","Norway",1
"Selargius","Italy",1
"Selivanikhinskiy","Russia",1
"Selje","Norway",1
"Sellersburg","United States",1
"Selly Oak","United Kingdom",1
"Selma","United States",1
"Semaphore","Australia",1
"Semaphore Park","Australia",1
"Semaphore South","Australia",1
"Serebryanyy Bor","Russia",1
"Seserlig","Russia",1
"Sesto Fiorentino","Italy",1
"Sevastopol","United States",1
"Severalls Industrial Park","United Kingdom",1
"Severna Park","United States",1
"Seville Grove","Australia",1
"Seward","United States",1
"Seymour","Australia",1
"Shafer","United States",1
"Shaker Heights","United States",1
"Shallotte","United States",1
"Shandon","United Kingdom",1
"Shankhouse","United Kingdom",1
"Sharjah City","United Arab Emirates",1
"Sharm El Sheikh","Egypt",1
"Sharnbrook","United Kingdom",1
"Sharon","United States",1
"Sharpsburg","United States",1
"Shasta Lake","United States",1
"Shearwater","Australia",1
"Shediac","Canada",1
"Shediac Parish","Canada",1
"Sheidow Park","Australia",1
"Shelby Township","United States",1
"Sheldon","Australia",1
"Shelly Beach","Australia",1
"Shelter Island","United States",1
"Shelton","United States",1
"Shenandoah","United States",1
"Shenbei New Area","China",1
"Shenley Brook End","United Kingdom",1
"Shenley Church End","United Kingdom",1
"Shepparton","Australia",1
"Sherbourne","United Kingdom",1
"Sherburn House","United Kingdom",1
"Shermans Dale","United States",1
"Sherwood Forest","United States",1
"Shevington","United Kingdom",1
"Shiloh","United States",1
"Shipley","United Kingdom",1
"Shipyard","United States",1
"Shiremoor","United Kingdom",1
"Shkodër","Albania",1
"Shoal Point","Australia",1
"Shore Acres","United States",1
"Shoreline","United States",1
"Shoreview","United States",1
"Shortsville","United States",1
"Shrewsbury","United Kingdom",1
"Si Ka Fu Ta Shi","Iceland",1
"Si Sunthon","Thailand",1
"Siauliai","Lithuania",1
"Sicamous","Canada",1
"Sierra Vista","United States",1
"Signature Lakes","United States",1
"Silt","United States",1
"Silverknowes","United Kingdom",1
"Simpsonville","United States",1
"Sint Odiliënberg","Netherlands",1
"Siren","United States",1
"Sister Lakes","United States",1
"Sisters","United States",1
"Sittersdorf","Austria",1
"Sittingbourne","United Kingdom",1
"Skarżysko-Kamienna","Poland",1
"Skegness","United Kingdom",1
"Skogstorp","Sweden",1
"Skopje","North Macedonia",1
"SkutskÃ¤r","Sweden",1
"Skye","Australia",1
"Skærbæk","Denmark",1
"Slacks Creek","Australia",1
"Slade Point","Australia",1
"Slatina","Bulgaria",1
"Sleepy Eye","United States",1
"Slinger","United States",1
"Slite","Sweden",1
"Slough","United Kingdom",1
"Slušovice","Czechia",1
"Slyne","United Kingdom",1
"Smederevo","Serbia",1
"Smithfield Plains","Australia",1
"Smithsland South","Ireland",1
"Smithtown","United States",1
"Smithville","United States",1
"Smolenka","Russia",1
"Sobreda","Portugal",1
"Sogndal","Norway",1
"Soledad","United States",1
"Solomons","United States",1
"Solomontown","Australia",1
"Sombor","Serbia",1
"Somersby","Australia",1
"Somerton Park","Australia",1
"Songbei District","China",1
"Soo Township","United States",1
"Sooke","Canada",1
"Sorrento","United States",1
"South Bathurst","Australia",1
"South Bowenfels","Australia",1
"South Bunbury","Australia",1
"South Central","United States",1
"South Coogee","Australia",1
"South Dixie","United States",1
"South Franklin","United States",1
"South Gundagai","Australia",1
"South Hadley","United States",1
"South Haven Township","United States",1
"South Heaton","United Kingdom",1
"South Hill","United States",1
"South Holland","United States",1
"South Hurstville","Australia",1
"South Kilvington","United Kingdom",1
"South Kingstown","United States",1
"South Laurel","United States",1
"South Los Angeles","United States",1
"South Lyon","United States",1
"South Morang","Australia",1
"South Murwillumbah","Australia",1
"South Normanton","United Kingdom",1
"South Park Township","United States",1
"South Patrick Shores","United States",1
"South Point","United States",1
"South Portland","United States",1
"South Pudsey","United Kingdom",1
"South Side","United Kingdom",1
"South Snyderville Basin","United States",1
"South Wales","United States",1
"South Windsor","United States",1
"Southampton","United Kingdom",1
"Southaven","United States",1
"Southern Orchards","United States",1
"Southern River","Australia",1
"Southhouse","United Kingdom",1
"Southsea","United Kingdom",1
"Southwest","United States",1
"Southwood","United States",1
"Spalding","Australia",1
"Spanish River Land","United States",1
"Spassk-Dal’niy","Russia",1
"Spearfish","United States",1
"Speers Point","Australia",1
"Spekholzerheide","Netherlands",1
"Spencer Park","Australia",1
"Spennymoor","United Kingdom",1
"Split","Croatia",1
"Spotsylvania","United States",1
"Spring","United States",1
"Spring Branch East","United States",1
"Spring Creek","New Zealand",1
"Spring Farm","Australia",1
"Spring Grove","United States",1
"Spring Grove Plantation","United States",1
"Spring Gully","Australia",1
"Spring Mills","United States",1
"Springboro","United States",1
"Springfield Lakes","Australia",1
"Springfield Township","United States",1
"Springvale","Australia",1
"Sremska Mitrovica","Serbia",1
"St Agnes","Australia",1
"St Albans","United States",1
"St Andrews","Australia",1
"St George's (Bermuda)","Bermuda",1
"St Joost","Netherlands",1
"St Leo","United States",1
"St Louis Park","United States",1
"St Marys","Australia",1
"St-Georges","Canada",1
"St-Hyacinthe","Canada",1
"St-Roch-Ouest","Canada",1
"St. Croix Falls","United States",1
"St. George","Bermuda",1
"St.-Étienne","France",1
"Stallings","United States",1
"Stanley Bridge","Canada",1
"Stanmore Bay","New Zealand",1
"Stanton","United States",1
"Stanwell Tops","Australia",1
"Stargard Szczeciński","Poland",1
"Starke","United States",1
"Starkville","United States",1
"Staroderevyankovskaya","Russia",1
"Staré Město","Czechia",1
"Statesville","United States",1
"Steijl","Netherlands",1
"Steilacoom","United States",1
"Steinbach","Canada",1
"Stellarton","Canada",1
"Stenhousemuir","United Kingdom",1
"Stephens City","United States",1
"Stephenson","United States",1
"Stepps","United Kingdom",1
"Steubenville","United States",1
"Stevens Point","United States",1
"Stevenson","United States",1
"Stevenston","United Kingdom",1
"Stevensville","United States",1
"Stewartstown","United States",1
"Stobhill","United Kingdom",1
"Stocksund","Sweden",1
"Stoke","New Zealand",1
"Stoke D’Abernon","United Kingdom",1
"Stoke-on-Trent","United Kingdom",1
"Stone Castle","United Kingdom",1
"Stone Mountain Park","United States",1
"Stonebridge","United States",1
"Stonefield","United States",1
"Stonehaven","United Kingdom",1
"Stoneville","Australia",1
"Stony Brook","United States",1
"Stopiņu novads","Latvia",1
"Stormont","United Kingdom",1
"Storrs","United States",1
"Straiton","United Kingdom",1
"Stranraer","United Kingdom",1
"Strathalbyn","Australia",1
"Stratham","United States",1
"Strathclyde Business Park","United Kingdom",1
"Strathcona County","Canada",1
"Strathfieldsaye","Australia",1
"Strawtown","United States",1
"Straß in Steiermark","Austria",1
"Strenči","Latvia",1
"Strzemieszyce Małe","Poland",1
"Stuarts Draft","United States",1
"Sturgeon Bay","United States",1
"Sturgeon County","Canada",1
"Suamico","United States",1
"Suceava","Romania",1
"Sucre","Bolivia",1
"Sugar Grove","United States",1
"Sugar Hill","United States",1
"Sugar House","United States",1
"Sulphur","United States",1
"Sultan","United States",1
"Summit Park","United States",1
"Summit Township","United States",1
"Summit West","United States",1
"Sun City","United States",1
"Sun Valley","Australia",1
"Sunnybank","Australia",1
"Sunnynook","New Zealand",1
"Sunset","United States",1
"Sunset Beach","Australia",1
"Sunset Beach","United States",1
"Sunset Lakes","United States",1
"Sunshine","Australia",1
"Surfside","United States",1
"Surprise","United States",1
"Sutela","Finland",1
"Sutherland","Australia",1
"Suttontown","Australia",1
"Suwalki","Poland",1
"Sučany","Slovakia",1
"Svente Parish","Latvia",1
"Sveta Nedelja","Croatia",1
"Sveti Martin na Muri","Croatia",1
"Sviadnov","Czechia",1
"Swalmen","Netherlands",1
"Swampscott","United States",1
"Swan View","Australia",1
"Swanley","United Kingdom",1
"Swansea","Australia",1
"Swansea","United States",1
"Swarthmore","United States",1
"Swedesboro","United States",1
"Sycamore Township","United States",1
"Sydney River","Canada",1
"Sylva","United States",1
"Sylvania","United States",1
"Szekszárd","Hungary",1
"Szigethalom","Hungary",1
"Sárvár","Hungary",1
"São Luís","Brazil",1
"São Marcos","Portugal",1
"São Paulo","Brazil",1
"Söderby","Sweden",1
"Søborg","Denmark",1
"Tacna","Peru",1
"Tadcaster","United Kingdom",1
"Tahouitat El Ghadir","Lebanon",1
"Tailem Bend","Australia",1
"Tain","United Kingdom",1
"Takanini","New Zealand",1
"Takatsuki City","Japan",1
"Taku/Campbell","United States",1
"Talkeetna","United States",1
"Tallyns Reach","United States",1
"Tama City","Japan",1
"Tamborine Mountain","Australia",1
"Taminda","Australia",1
"Tampa (Ybor City)","United States",1
"Tampa Heights","United States",1
"Tamuning","United States",1
"Taneytown","United States",1
"Tanilba Bay","Australia",1
"Tapa","Estonia",1
"Tappström","Sweden",1
"Tarbock","United Kingdom",1
"Tarboro","United States",1
"Taringa","Australia",1
"Tartu Parish","Estonia",1
"Tashtagol","Russia",1
"Tatabánya","Hungary",1
"Tatton","Australia",1
"Tauragės seniūnija","Lithuania",1
"Tavarede","Portugal",1
"Tawstock","United Kingdom",1
"Taylors","United States",1
"Taylorstown","United Kingdom",1
"Taylorville","United States",1
"Te Anau","New Zealand",1
"Te Awamutu","New Zealand",1
"Te Kowhai","New Zealand",1
"Te Kuiti","New Zealand",1
"Te Puna","New Zealand",1
"Tea Gardens","Australia",1
"Teaneck","United States",1
"Tecumseh","Canada",1
"Telarah","Australia",1
"Temmels","Germany",1
"Temple Hill","United Kingdom",1
"Temple View","New Zealand",1
"Templestowe","Australia",1
"Templestowe Lower","Australia",1
"Temryuk","Russia",1
"Terregles","United Kingdom",1
"Terschuur","Netherlands",1
"Tetovo","North Macedonia",1
"Tewantin","Australia",1
"Tewksbury","United States",1
"Thane","India",1
"The Acre","United States",1
"The Aurora Highlands","United States",1
"The Basin","Australia",1
"The Braids","United Kingdom",1
"The Dalles","United States",1
"The Downs","United Kingdom",1
"The Farm","United States",1
"The Gap","Australia",1
"The Hermitage","United Kingdom",1
"The Set","United States",1
"The Village of Shipman's Landing","United States",1
"The Vines","Australia",1
"Thibodaux","United States",1
"Thomastown","Australia",1
"Thorigné-Fouillard","France",1
"Thorne","United Kingdom",1
"Thornlie","Australia",1
"Thorold","Canada",1
"Thrumster","Australia",1
"Thursby","United Kingdom",1
"Thônex","Switzerland",1
"Thủy Phù","Vietnam",1
"Tierra Verde","United States",1
"Tiffin","United States",1
"Tillsonburg","Canada",1
"Timaru","New Zealand",1
"Timiron","Israel",1
"Tindale Crescent","United Kingdom",1
"Tinglev","Denmark",1
"Tinsley","United Kingdom",1
"Tipp City","United States",1
"Tipperary","Ireland",1
"Tirau","New Zealand",1
"Tiszabezdéd","Hungary",1
"Tiverton","United States",1
"Toa Alta","United States",1
"Toano","United States",1
"Tolland","Australia",1
"Tolmin","Slovenia",1
"Tom's Creek","United States",1
"Tomelilla","Sweden",1
"Tomiya","Japan",1
"Tooele","United States",1
"Toolooa","Australia",1
"Toongabbie","Australia",1
"Toormina","Australia",1
"Toowong","Australia",1
"Toowoomba","Australia",1
"Topock","United States",1
"Toppenish","United States",1
"Tore","United Kingdom",1
"Tornyiszentmiklós","Hungary",1
"Toronto","Australia",1
"Toronto","United Kingdom",1
"Torquay","Australia",1
"Torviscosa","Italy",1
"Totnes","United Kingdom",1
"Tours","France",1
"Town Centre","United Kingdom",1
"Town Park","United States",1
"Town and Country","United States",1
"Town of Meyers","United States",1
"Townparks","Ireland",1
"Townsend","Australia",1
"Towson","United States",1
"Toxteth","United Kingdom",1
"Trabia","Italy",1
"Tradition","United States",1
"Traditions","United States",1
"Travelers Rest","United States",1
"Travellers Rest","Australia",1
"Travilah","United States",1
"Tregear","Australia",1
"Trier","Germany",1
"Trilby","United States",1
"Trinidad","United States",1
"Trinity Beach","Australia",1
"Troitsk","Russia",1
"Trollbäcken","Sweden",1
"Troon","United Kingdom",1
"Tropic","United States",1
"Trosa","Sweden",1
"Troutville","United States",1
"Trumbull","United States",1
"Truro","Canada",1
"Träkvista","Sweden",1
"Tsentral'noye","Russia",1
"Tualatin","United States",1
"Tuchoměřice","Czechia",1
"Tuckahoe","United States",1
"Tuggeranong","Australia",1
"Tugun","Australia",1
"Tuil","Netherlands",1
"Tula","Russia",1
"Tullimbar","Australia",1
"Tullinge","Sweden",1
"Tullnerbach","Austria",1
"Tully","Australia",1
"Tulun","Russia",1
"Tuncurry","Australia",1
"Tungelsta","Sweden",1
"Turin","United States",1
"Turramurra","Australia",1
"Tuscaoosa","United States",1
"Tuttle West","United States",1
"Tuusula","Finland",1
"Tuxedo","United States",1
"Tweed Heads","Australia",1
"Tweed Heads South","Australia",1
"Tweed Heads West","Australia",1
"Twin City","United States",1
"Twin Falls","United States",1
"Two Rocks","Australia",1
"Twyford","New Zealand",1
"Tyabb","Australia",1
"Tyburn","United Kingdom",1
"Tyendinaga","Canada",1
"Tyringe","Sweden",1
"Tzur Itzhak","Israel",1
"Tåstrup","Denmark",1
"Töcksfors","Sweden",1
"Tønder","Denmark",1
"UC Irvine","United States",1
"Udon Thani","Thailand",1
"Ueckermünde","Germany",1
"Ufa","Russia",1
"Ugdanskoye","Russia",1
"Ukmergė","Lithuania",1
"Ulan-Ude","Russia",1
"Ulcinj (Montenegro)","Montenegro",1
"Ulvila","Finland",1
"Uman","Ukraine",1
"Unanderra","Australia",1
"Union Gap","United States",1
"Union Hill","United States",1
"Unity Village","United States",1
"University","United States",1
"University City","United States",1
"University Park","United States",1
"University of California-Irvine","United States",1
"Unterseen","Switzerland",1
"Upper Allen Township","United States",1
"Upper Fulbrook","United Kingdom",1
"Upper Lake","United States",1
"Upper St Clair","United States",1
"Ust-Kut","Russia",1
"Ust’-Abakan","Russia",1
"Utena","Lithuania",1
"Uxbridge","Canada",1
"Uzhhorod","Ukraine",1
"Vajnory","Slovakia",1
"Val-d’Or","Canada",1
"Valdese","United States",1
"Valka","Latvia",1
"Vallarta Norte","Mexico",1
"Vallarta San Jorge","Mexico",1
"Vallejo","United States",1
"Vallensbæk","Denmark",1
"Van Wert","United States",1
"Varde","Denmark",1
"Varik","Netherlands",1
"Varna","Bulgaria",1
"Varsity Lakes","Australia",1
"Varėna","Lithuania",1
"Varėnos seniūnija","Lithuania",1
"Vasse ","Australia",1
"Vathí","Greece",1
"Vaucluse","Australia",1
"Vaucresson","France",1
"Vaudreuil-Dorion","Canada",1
"Vega","Sweden",1
"Vejbystrand","Sweden",1
"Velikiye Luki","Russia",1
"VendelsÃ¶","Sweden",1
"Ventnor","Australia",1
"Ventura","United States",1
"Venus Bay","Australia",1
"Verdun","Australia",1
"Verkh-Tulinskiy","Russia",1
"Verkhnyaya Podstepnovka","Russia",1
"Verkiai","Lithuania",1
"Vermillion","United States",1
"Vernon Township","United States",1
"Verona","Italy",1
"Verrado","United States",1
"Vestal","United States",1
"Vestec","Czechia",1
"Vianen","Netherlands",1
"Victor","United States",1
"Victoria Park","Australia",1
"Victoria Park","United States",1
"Vidin","Bulgaria",1
"Vienna","United States",1
"Viera","United States",1
"Viggbyholm","Sweden",1
"Viggianello","France",1
"Vigonovo","Italy",1
"Vihti","Finland",1
"Vijayawada","India",1
"Viken","Sweden",1
"Vila Mea","Portugal",1
"Vilablareix","Spain",1
"Villa El Salvador","Peru",1
"Villa Hayes","Paraguay",1
"Villa Literno","Italy",1
"Villa Rica","United States",1
"Village","United Kingdom",1
"Village Walk","United States",1
"Village of Belleview","United States",1
"Village of Plover","United States",1
"Villages at Eastwood","United States",1
"Villages of Winterset","United States",1
"Villaricca","Italy",1
"Villawood","Australia",1
"Vincent","Australia",1
"Vincentia","Australia",1
"Vincentown","United States",1
"Vineyards of Silver Oak","United States",1
"Vinton","United States",1
"Virolahti","Finland",1
"Virum","Denmark",1
"Vivero","Spain",1
"Viña del Mar","Chile",1
"Vladimir","Russia",1
"Vladivostok ","Russia",1
"Vodnjan","Croatia",1
"Vojens","Denmark",1
"Volokolamsk","Russia",1
"Volzhskiy","Russia",1
"Voorheesville","United States",1
"Vordingborg","Denmark",1
"Vrabnitsa","Bulgaria",1
"Vrakuňa","Slovakia",1
"Vratsa","Bulgaria",1
"Vrpolje","Croatia",1
"Vuadens","Switzerland",1
"Vukovar","Croatia",1
"Vyborg","Russia",1
"Värmdö","Sweden",1
"Västerhaninge","Sweden",1
"Västerljung","Sweden",1
"Værløse","Denmark",1
"Vétraz-Monthoux","France",1
"Võduvere","Estonia",1
"Wadeview Park","United States",1
"Waghäusel","Germany",1
"Wagna","Austria",1
"Waihi Beach","New Zealand",1
"Waikanae Beach","New Zealand",1
"Waikerie","Australia",1
"Waikoloa","United States",1
"Waikouaiti","New Zealand",1
"Waimauku","New Zealand",1
"Waiohiki","New Zealand",1
"Wairakei","New Zealand",1
"Wairau Valley","New Zealand",1
"Wairoa","New Zealand",1
"Waitara","New Zealand",1
"Wajo","Indonesia",1
"Wakarusa","United States",1
"Wakefield","United States",1
"Wakerley","Australia",1
"Walden","United States",1
"Waldorf","United States",1
"Walgett","Australia",1
"Walim","Poland",1
"Walkerville","Australia",1
"Wall","United States",1
"Wall Township","United States",1
"Wallabi Point","Australia",1
"Walled Lake","United States",1
"Wallendbeen","Australia",1
"Wallisellen","Switzerland",1
"Wallyford","United Kingdom",1
"Walnut","United States",1
"Walnut Creek","United States",1
"Waltham","United States",1
"Wamel","Netherlands",1
"Wanamingo","United States",1
"Wandi","Australia",1
"Wannanup ","Australia",1
"Wanneroo","Australia",1
"Wantagh","United States",1
"Wappingers Falls","United States",1
"Warabrook","Australia",1
"Warilla","Australia",1
"Warner","Australia",1
"Warner","United States",1
"Warninglid","United Kingdom",1
"Warrandyte","Australia",1
"Warrane","Australia",1
"Warrawong","Australia",1
"Warriewood ","Australia",1
"Warton","United Kingdom",1
"Warwick","Canada",1
"Washington Township","United States",1
"Watari Town","Japan",1
"Watchung","United States",1
"Water Mill","United States",1
"Waterbury","United States",1
"Waterdown","Canada",1
"Waterford Township","United States",1
"Waterville","Canada",1
"Watkinsville","United States",1
"Watling","United Kingdom",1
"Wattsville","United States",1
"Wauchope","Australia",1
"Waupaca","United States",1
"Wavell Heights","Australia",1
"Waverley Station","United Kingdom",1
"Wawayanda","United States",1
"Waxahachie","United States",1
"Wayzata","United States",1
"Weaste & Seedley","United Kingdom",1
"Weatherstone","United States",1
"Weaverham","United Kingdom",1
"Weddington","United States",1
"Weikendorf","Austria",1
"Weinland Park","United States",1
"Weißenstein","Austria",1
"Welch","United States",1
"Welland","Canada",1
"Wellesley","Canada",1
"Wellesley","United States",1
"Wellsford","New Zealand",1
"Wembley Downs","Australia",1
"Werribee South","Australia",1
"Wesley Hills","United States",1
"West 26 Industrial Estate","United Kingdom",1
"West Akron","United States",1
"West Allotment","United Kingdom",1
"West Auckland","United Kingdom",1
"West Ballina","Australia",1
"West Boca Raton","United States",1
"West Bradford Township","United States",1
"West Byfleet","United Kingdom",1
"West Central District","Taiwan",1
"West Columbia","United States",1
"West Derby","United Kingdom",1
"West Drayton","United Kingdom",1
"West Dundee","United States",1
"West Gardiner","United States",1
"West Grove","United States",1
"West Haven","United States",1
"West Henderson","United States",1
"West Hobart","Australia",1
"West Kempsey","Australia",1
"West Lake Stevens","United States",1
"West Mesa","United States",1
"West Moonah","Australia",1
"West Mount Airy","United States",1
"West Omaha","United States",1
"West Park","United States",1
"West Richland","United States",1
"West Rockhampton","Australia",1
"West Ryde","Australia",1
"West Sacramento","United States",1
"West St Paul","United States",1
"West Tuscaloosa","United States",1
"West Warwick","United States",1
"West Windsor Township","United States",1
"Westborough","United States",1
"Westbury-on-Trym","United Kingdom",1
"Westchase","United States",1
"Westdene & Withdean","United Kingdom",1
"Wester Hailes","United Kingdom",1
"Westerwood","United States",1
"Westhampton Beach","United States",1
"Westleigh","Australia",1
"Westmeadows","Australia",1
"Westmere","United States",1
"Westmoreland","Jamaica",1
"Weston","Australia",1
"Westville","United States",1
"Westwood Lakes","United States",1
"Wetumpka","United States",1
"Whakarewarewa","New Zealand",1
"Whangaparaoa","New Zealand",1
"Wheaton","United States",1
"Whistler","Canada",1
"White","United States",1
"White City","United States",1
"White Lake","United States",1
"White Lake Township","United States",1
"White Marsh Station","United States",1
"Whitebridge","Australia",1
"Whitecraig","United Kingdom",1
"Whitefield","United Kingdom",1
"Whiteland","United States",1
"Whitesburg","United States",1
"Whiteville","United States",1
"Whitfield","Australia",1
"Whitkirk","United Kingdom",1
"Whittlesea","Australia",1
"Whyalla Jenkins","Australia",1
"Whycocomagh","Canada",1
"Wibsey","United Kingdom",1
"Wickham","Australia",1
"Wicklow","Ireland",1
"Widdrington","United Kingdom",1
"Wiener Neustadt","Austria",1
"Wigtown","United Kingdom",1
"Wijk en Aalburg","Netherlands",1
"Wilkes-Barre","United States",1
"Wilkesboro","United States",1
"Willamsburg","United States",1
"Williamtown","Australia",1
"Willimantic","United States",1
"Willington","United Kingdom",1
"Willows at Lake Rhea","United States",1
"Wilsden","United Kingdom",1
"Wilson Township","United States",1
"Wilton","Australia",1
"Winchester Park","United States",1
"Windmill Hill","United Kingdom",1
"Windradyne","Australia",1
"Winkler","Canada",1
"Winnebago","United States",1
"Winnsboro","United States",1
"Winona Lake","United States",1
"Winooski","United States",1
"Winter Haven","United States",1
"Winter Springs","United States",1
"Winterbourne","United Kingdom",1
"Winters","United States",1
"Winward","United States",1
"Winwick Quay","United Kingdom",1
"Wisconsin Dells","United States",1
"Withers","Australia",1
"Wixom","United States",1
"Woburn","United States",1
"Wolkersdorf","Austria",1
"Wollert","Australia",1
"Wollongbar","Australia",1
"Wolverhampton","United Kingdom",1
"Wolviston","United Kingdom",1
"Wombwell","United Kingdom",1
"Wongaling Beach","Australia",1
"Woodbourne-Hyde Park","United States",1
"Woodburn","United States",1
"Woodham","United Kingdom",1
"Woodhouse Park","United Kingdom",1
"Woodland Hills","United States",1
"Woodlands","United Kingdom",1
"Woodroffe","Australia",1
"Woodruff","United States",1
"Woodside","United Kingdom",1
"Woolwich","Canada",1
"Woolwich Township","United States",1
"Woombah","Australia",1
"Woonona ","Australia",1
"Woonsocket","United States",1
"Wormans Mill","United States",1
"Worongary","Australia",1
"Worrowing Heights","Australia",1
"Woudsend","Netherlands",1
"Wright City","United States",1
"Wurtulla","Australia",1
"Wyee","Australia",1
"Wylie","United States",1
"Wyndham Vale","Australia",1
"Wynn Vale","Australia",1
"Wynnum","Australia",1
"Wynnum ","Australia",1
"Wólka","Poland",1
"Xenia","United States",1
"Xiangyang District","China",1
"Xigang District","China",1
"Yagoona","Australia",1
"Yagul'skoye","Russia",1
"Yakum","Israel",1
"Yamachiche","Canada",1
"Yamanto","Australia",1
"Yaroomba","Australia",1
"Yaroslavl","Russia",1
"Yarrow Point","United States",1
"Yavne","Israel",1
"Yeadon","United Kingdom",1
"Yeadon","United States",1
"Yekaterinburg","Russia",1
"Yelm","United States",1
"Yemilchynska selyshchna hromada","Ukraine",1
"Yennora","Australia",1
"Yesilyurt","Turkey",1
"Yeysk","Russia",1
"York","United States",1
"York Township","United States",1
"Yorkeys Knob","Australia",1
"Yosemite National Park","United States",1
"Young American","United States",1
"Youngstown","United States",1
"Yowie Bay","Australia",1
"Ypsilanti Township","United States",1
"Yukon","United States",1
"Yulee","United States",1
"Yungaburra","Australia",1
"Zabrze","Poland",1
"Zaklinskoye","Russia",1
"Zaldívar","Spain",1
"Zaragoza","Spain",1
"Zav’yalovo","Russia",1
"Zazim’ye","Ukraine",1
"Zebulon","United States",1
"Zeeland","United States",1
"Zillmere","Australia",1
"Zorra","Canada",1
"Zuilichem","Netherlands",1
"Zurrieq (Malta)","Malta",1
"Zvolen","Slovakia",1
"Zymnovodivska silska hromada","Ukraine",1
"Záhorská Bystrica","Slovakia",1
"Åby","Sweden",1
"Åbybro","Denmark",1
"Åmot","Norway",1
"Årjäng","Sweden",1
"Årsta","Sweden",1
"Österhaninge","Sweden",1
"Östhammar","Sweden",1
"Üllő","Hungary",1
"Čakovec","Croatia",1
"Čačak","Serbia",1
"Đông Hải 2","Vietnam",1
"Łomża Gmina","Poland",1
"Łowicz","Poland",1
"Świebodzin","Poland",1
"Šakiai","Lithuania",1
"Αργάκι","Cyprus",1
"Θέρμεια","Cyprus",1
"Κάρμι","Cyprus",1
"Καραβοστάσι","Cyprus",1
"Λευκόνοικο","Cyprus",1
"Λιβάδια","Cyprus",1
"Μεσόγη","Cyprus",1
"Μόρφου","Cyprus",1
"Παραλίμνι","Cyprus",1
"Σπαθαρικό","Cyprus",1
"Чингэлтэй","Mongolia",1
"’s-Hertogenbosch","Netherlands",1
